id,first_name,last_name,created_at,updated_at
1,Major,Mung Beans,2012-03-27 14:54:09 UTC,2012-03-27 14:54:09 UTC
2,Sergeant,Quark Quinc,2012-03-27 14:54:10 UTC,2012-03-27 14:54:10 UTC
3,Captain,Brazil Nut,2012-03-27 14:54:10 UTC,2012-03-27 14:54:10 UTC
4,Sergeant,Arborio Rice,2012-03-27 14:54:10 UTC,2012-03-27 14:54:10 UTC
5,First Lieutenant,Blackberries,2012-03-27 14:54:10 UTC,2012-03-27 14:54:10 UTC
6,Private First Class,Pinto Beans,2012-03-27 14:54:10 UTC,2012-03-27 14:54:10 UTC
7,General of the Armies,Grapefruit,2012-03-27 14:54:10 UTC,2012-03-27 14:54:10 UTC
8,Colonel,Chilli Pepper,2012-03-27 14:54:11 UTC,2012-03-27 14:54:11 UTC
9,Private First Class,Scallops,2012-03-27 14:54:11 UTC,2012-03-27 14:54:11 UTC
10,Sergeant Major of the Army,Pork,2012-03-27 14:54:11 UTC,2012-03-27 14:54:11 UTC
11,Lieutenant Colonel,Mahi Mahi,2012-03-27 14:54:12 UTC,2012-03-27 14:54:12 UTC
12,Staff Sergeant,Iceberg Lettuce,2012-03-27 14:54:12 UTC,2012-03-27 14:54:12 UTC
13,Private First Class,Mussels,2012-03-27 14:54:12 UTC,2012-03-27 14:54:12 UTC
14,General of the Army,Soy,2012-03-27 14:54:13 UTC,2012-03-27 14:54:13 UTC
15,Corporal,Avocado,2012-03-27 14:54:13 UTC,2012-03-27 14:54:13 UTC
16,Sergeant Major,Dragonfruit,2012-03-27 14:54:13 UTC,2012-03-27 14:54:13 UTC
17,First Sergeant,Grape Seed Oil,2012-03-27 14:54:13 UTC,2012-03-27 14:54:13 UTC
18,Private,Spelt,2012-03-27 14:54:14 UTC,2012-03-27 14:54:14 UTC
19,Major,Feta,2012-03-27 14:54:14 UTC,2012-03-27 14:54:14 UTC
20,First Lieutenant,Lamb,2012-03-27 14:54:14 UTC,2012-03-27 14:54:14 UTC
21,Private First Class,Coriander Seed,2012-03-27 14:54:15 UTC,2012-03-27 14:54:15 UTC
22,Major,Sausages,2012-03-27 14:54:15 UTC,2012-03-27 14:54:15 UTC
23,Colonel,Raisin,2012-03-27 14:54:16 UTC,2012-03-27 14:54:16 UTC
24,Private First Class,Kokam,2012-03-27 14:54:16 UTC,2012-03-27 14:54:16 UTC
25,Sergeant,Coconut Oil,2012-03-27 14:54:16 UTC,2012-03-27 14:54:16 UTC
26,Captain,Asparagus,2012-03-27 14:54:16 UTC,2012-03-27 14:54:16 UTC
27,First Sergeant,Custard Apples,2012-03-27 14:54:16 UTC,2012-03-27 14:54:16 UTC
28,General of the Armies,Apple Cider Vinegar,2012-03-27 14:54:16 UTC,2012-03-27 14:54:16 UTC
29,Sergeant First Class,Cabbage,2012-03-27 14:54:17 UTC,2012-03-27 14:54:17 UTC
30,Brigadier General,Asparagus,2012-03-27 14:54:17 UTC,2012-03-27 14:54:17 UTC
31,General of the Armies,Brie,2012-03-27 14:54:17 UTC,2012-03-27 14:54:17 UTC
32,Second Lieutenant,Onion,2012-03-27 14:54:18 UTC,2012-03-27 14:54:18 UTC
33,Major General,Ricotta,2012-03-27 14:54:18 UTC,2012-03-27 14:54:18 UTC
34,Private First Class,Liver,2012-03-27 14:54:18 UTC,2012-03-27 14:54:18 UTC
35,Colonel,Corn Tortilla,2012-03-27 14:54:18 UTC,2012-03-27 14:54:18 UTC
36,Colonel,Arborio Rice,2012-03-27 14:54:18 UTC,2012-03-27 14:54:18 UTC
37,Captain,Blueberries,2012-03-27 14:54:18 UTC,2012-03-27 14:54:18 UTC
38,Major,Pomegranate,2012-03-27 14:54:18 UTC,2012-03-27 14:54:18 UTC
39,Sergeant,Blackberries,2012-03-27 14:54:19 UTC,2012-03-27 14:54:19 UTC
40,General,Beetroot,2012-03-27 14:54:19 UTC,2012-03-27 14:54:19 UTC
41,Sergeant Major of the Army,Clams,2012-03-27 14:54:19 UTC,2012-03-27 14:54:19 UTC
42,Sergeant Major,Wheat,2012-03-27 14:54:19 UTC,2012-03-27 14:54:19 UTC
43,First Lieutenant,Grapes,2012-03-27 14:54:20 UTC,2012-03-27 14:54:20 UTC
44,General,Persimmon,2012-03-27 14:54:20 UTC,2012-03-27 14:54:20 UTC
45,Sergeant Major,Galangal,2012-03-27 14:54:20 UTC,2012-03-27 14:54:20 UTC
46,Second Lieutenant,Strawberries,2012-03-27 14:54:20 UTC,2012-03-27 14:54:20 UTC
47,Brigadier General,Apples,2012-03-27 14:54:20 UTC,2012-03-27 14:54:20 UTC
48,Sergeant,Chickpea,2012-03-27 14:54:20 UTC,2012-03-27 14:54:20 UTC
49,Sergeant Major,Besan,2012-03-27 14:54:20 UTC,2012-03-27 14:54:20 UTC
50,Master Sergeant,Smoked Trout,2012-03-27 14:54:21 UTC,2012-03-27 14:54:21 UTC
51,Sergeant First Class,Taleggio Cheese,2012-03-27 14:54:21 UTC,2012-03-27 14:54:21 UTC
52,Second Lieutenant,Milk,2012-03-27 14:54:21 UTC,2012-03-27 14:54:21 UTC
53,Lieutenant Colonel,Maple Syrup,2012-03-27 14:54:21 UTC,2012-03-27 14:54:21 UTC
54,Major General,Kidney Beans,2012-03-27 14:54:21 UTC,2012-03-27 14:54:21 UTC
55,Private First Class,Nuts,2012-03-27 14:54:21 UTC,2012-03-27 14:54:21 UTC
56,Captain,Zucchini,2012-03-27 14:54:22 UTC,2012-03-27 14:54:22 UTC
57,General of the Army,Kidney Beans,2012-03-27 14:54:22 UTC,2012-03-27 14:54:22 UTC
58,Specialist,Cake,2012-03-27 14:54:22 UTC,2012-03-27 14:54:22 UTC
59,Second Lieutenant,Soba,2012-03-27 14:54:23 UTC,2012-03-27 14:54:23 UTC
60,Major,Silverbeet,2012-03-27 14:54:23 UTC,2012-03-27 14:54:23 UTC
61,Corporal,Salmon,2012-03-27 14:54:23 UTC,2012-03-27 14:54:23 UTC
62,Brigadier General,Jicama,2012-03-27 14:54:24 UTC,2012-03-27 14:54:24 UTC
63,Sergeant Major of the Army,Beef,2012-03-27 14:54:24 UTC,2012-03-27 14:54:24 UTC
64,Captain,Salmon,2012-03-27 14:54:24 UTC,2012-03-27 14:54:24 UTC
65,Private First Class,Tapioca Flour,2012-03-27 14:54:24 UTC,2012-03-27 14:54:24 UTC
66,Corporal,Jerusalem Artichoke,2012-03-27 14:54:24 UTC,2012-03-27 14:54:24 UTC
67,First Lieutenant,Grapefruit,2012-03-27 14:54:25 UTC,2012-03-27 14:54:25 UTC
68,Sergeant,Salmon,2012-03-27 14:54:25 UTC,2012-03-27 14:54:25 UTC
69,Corporal,Yellowtail Kingfish,2012-03-27 14:54:25 UTC,2012-03-27 14:54:25 UTC
70,Colonel,Green Beans,2012-03-27 14:54:25 UTC,2012-03-27 14:54:25 UTC
71,First Sergeant,Achacha,2012-03-27 14:54:26 UTC,2012-03-27 14:54:26 UTC
72,General of the Army,Common Cultivated Mushrooms,2012-03-27 14:54:26 UTC,2012-03-27 14:54:26 UTC
73,Private First Class,Mastic,2012-03-27 14:54:26 UTC,2012-03-27 14:54:26 UTC
74,Master Sergeant,Red Wine,2012-03-27 14:54:26 UTC,2012-03-27 14:54:26 UTC
75,Command Sergeant Major,Mulberries,2012-03-27 14:54:27 UTC,2012-03-27 14:54:27 UTC
76,Sergeant First Class,Watermelon,2012-03-27 14:54:27 UTC,2012-03-27 14:54:27 UTC
77,Second Lieutenant,Hiramasa Kingfish,2012-03-27 14:54:27 UTC,2012-03-27 14:54:27 UTC
78,Specialist,Beef,2012-03-27 14:54:28 UTC,2012-03-27 14:54:28 UTC
79,General,Cake,2012-03-27 14:54:28 UTC,2012-03-27 14:54:28 UTC
80,First Lieutenant,Capsicum,2012-03-27 14:54:28 UTC,2012-03-27 14:54:28 UTC
81,Staff Sergeant,Figs,2012-03-27 14:54:29 UTC,2012-03-27 14:54:29 UTC
82,Second Lieutenant,Tarragon,2012-03-27 14:54:29 UTC,2012-03-27 14:54:29 UTC
83,Colonel,Balsamic Vinegar,2012-03-27 14:54:29 UTC,2012-03-27 14:54:29 UTC
84,First Lieutenant,White Wine,2012-03-27 14:54:29 UTC,2012-03-27 14:54:29 UTC
85,First Sergeant,Barramundi,2012-03-27 14:54:29 UTC,2012-03-27 14:54:29 UTC
86,Command Sergeant Major,Cloves,2012-03-27 14:54:29 UTC,2012-03-27 14:54:29 UTC
87,Sergeant Major,Asian Noodles,2012-03-27 14:54:30 UTC,2012-03-27 14:54:30 UTC
88,General of the Army,Elderberry,2012-03-27 14:54:30 UTC,2012-03-27 14:54:30 UTC
89,Master Sergeant,Tarragon,2012-03-27 14:54:31 UTC,2012-03-27 14:54:31 UTC
90,General of the Army,Canola Oil,2012-03-27 14:54:31 UTC,2012-03-27 14:54:31 UTC
91,Corporal,Szechuan Pepperberry,2012-03-27 14:54:31 UTC,2012-03-27 14:54:31 UTC
92,Master Sergeant,Pecan Nut,2012-03-27 14:54:31 UTC,2012-03-27 14:54:31 UTC
93,Lieutenant General,Farmed Prawns,2012-03-27 14:54:32 UTC,2012-03-27 14:54:32 UTC
94,General of the Armies,Hazelnut,2012-03-27 14:54:32 UTC,2012-03-27 14:54:32 UTC
95,General of the Army,Candle Nut,2012-03-27 14:54:32 UTC,2012-03-27 14:54:32 UTC
96,Sergeant,Nori,2012-03-27 14:54:32 UTC,2012-03-27 14:54:32 UTC
97,Private,Vegetable Oil,2012-03-27 14:54:32 UTC,2012-03-27 14:54:32 UTC
98,Private,Red Lentils,2012-03-27 14:54:33 UTC,2012-03-27 14:54:33 UTC
99,Private,Almonds,2012-03-27 14:54:33 UTC,2012-03-27 14:54:33 UTC
100,Brigadier General,Soy Flour,2012-03-27 14:54:33 UTC,2012-03-27 14:54:33 UTC
101,Corporal,Carrot,2012-03-27 14:54:33 UTC,2012-03-27 14:54:33 UTC
102,Lieutenant General,Smoked Trout,2012-03-27 14:54:33 UTC,2012-03-27 14:54:33 UTC
103,Staff Sergeant,Grapefruit,2012-03-27 14:54:33 UTC,2012-03-27 14:54:33 UTC
104,Private First Class,Brown Mushrooms,2012-03-27 14:54:33 UTC,2012-03-27 14:54:33 UTC
105,Lieutenant General,Curry Powder,2012-03-27 14:54:34 UTC,2012-03-27 14:54:34 UTC
106,Corporal,Potato Flour,2012-03-27 14:54:34 UTC,2012-03-27 14:54:34 UTC
107,Captain,Butternut Pumpkin,2012-03-27 14:54:34 UTC,2012-03-27 14:54:34 UTC
108,Lieutenant Colonel,White Bread,2012-03-27 14:54:35 UTC,2012-03-27 14:54:35 UTC
109,Specialist,Omega Spread,2012-03-27 14:54:35 UTC,2012-03-27 14:54:35 UTC
110,Sergeant Major of the Army,Honey,2012-03-27 14:54:35 UTC,2012-03-27 14:54:35 UTC
111,Brigadier General,Guava,2012-03-27 14:54:35 UTC,2012-03-27 14:54:35 UTC
112,Major General,Haricot Beans,2012-03-27 14:54:36 UTC,2012-03-27 14:54:36 UTC
113,First Sergeant,Salmon,2012-03-27 14:54:36 UTC,2012-03-27 14:54:36 UTC
114,Sergeant Major,Avocado Spread,2012-03-27 14:54:36 UTC,2012-03-27 14:54:36 UTC
115,Command Sergeant Major,Kudzu,2012-03-27 14:54:36 UTC,2012-03-27 14:54:36 UTC
116,General of the Armies,Choy Sum,2012-03-27 14:54:37 UTC,2012-03-27 14:54:37 UTC
117,Major,Cheddar,2012-03-27 14:54:37 UTC,2012-03-27 14:54:37 UTC
118,Major,Bay Leaves,2012-03-27 14:54:37 UTC,2012-03-27 14:54:37 UTC
119,Sergeant Major,Cranberry,2012-03-27 14:54:38 UTC,2012-03-27 14:54:38 UTC
120,Staff Sergeant,Bay Leaves,2012-03-27 14:54:38 UTC,2012-03-27 14:54:38 UTC
121,Major General,Allspice,2012-03-27 14:54:38 UTC,2012-03-27 14:54:38 UTC
122,General,Oregano,2012-03-27 14:54:38 UTC,2012-03-27 14:54:38 UTC
123,Command Sergeant Major,Pine Nut,2012-03-27 14:54:38 UTC,2012-03-27 14:54:38 UTC
124,Major,Tapioca,2012-03-27 14:54:39 UTC,2012-03-27 14:54:39 UTC
125,Master Sergeant,Feijoa,2012-03-27 14:54:39 UTC,2012-03-27 14:54:39 UTC
126,Private First Class,Passionfruit,2012-03-27 14:54:39 UTC,2012-03-27 14:54:39 UTC
127,Brigadier General,Adzuki Beans,2012-03-27 14:54:39 UTC,2012-03-27 14:54:39 UTC
128,Corporal,Green Tea Noodles,2012-03-27 14:54:40 UTC,2012-03-27 14:54:40 UTC
129,Lieutenant General,Jarrahdale Pumpkin,2012-03-27 14:54:40 UTC,2012-03-27 14:54:40 UTC
130,First Lieutenant,Saffron,2012-03-27 14:54:40 UTC,2012-03-27 14:54:40 UTC
131,Major,Stevia,2012-03-27 14:54:40 UTC,2012-03-27 14:54:40 UTC
132,First Lieutenant,Tom Yum,2012-03-27 14:54:41 UTC,2012-03-27 14:54:41 UTC
133,Second Lieutenant,Apple Juice,2012-03-27 14:54:41 UTC,2012-03-27 14:54:41 UTC
134,Colonel,Coffee,2012-03-27 14:54:41 UTC,2012-03-27 14:54:41 UTC
135,General of the Armies,Red Wine Vinegar,2012-03-27 14:54:42 UTC,2012-03-27 14:54:42 UTC
136,General of the Armies,Yogurt,2012-03-27 14:54:42 UTC,2012-03-27 14:54:42 UTC
137,General of the Army,Tuna,2012-03-27 14:54:42 UTC,2012-03-27 14:54:42 UTC
138,Brigadier General,Wasabi,2012-03-27 14:54:42 UTC,2012-03-27 14:54:42 UTC
139,Brigadier General,Wasabi,2012-03-27 14:54:42 UTC,2012-03-27 14:54:42 UTC
140,Lieutenant General,Chia Seeds,2012-03-27 14:54:43 UTC,2012-03-27 14:54:43 UTC
141,Sergeant Major,Squid,2012-03-27 14:54:43 UTC,2012-03-27 14:54:43 UTC
142,First Lieutenant,Turnips,2012-03-27 14:54:43 UTC,2012-03-27 14:54:43 UTC
143,Sergeant,Onion,2012-03-27 14:54:44 UTC,2012-03-27 14:54:44 UTC
144,Colonel,Coconut Water,2012-03-27 14:54:44 UTC,2012-03-27 14:54:44 UTC
145,Lieutenant General,Camellia Tea Oil,2012-03-27 14:54:44 UTC,2012-03-27 14:54:44 UTC
146,Sergeant First Class,Sesame Seeds,2012-03-27 14:54:45 UTC,2012-03-27 14:54:45 UTC
147,Specialist,Cardamom,2012-03-27 14:54:45 UTC,2012-03-27 14:54:45 UTC
148,General of the Armies,Edam,2012-03-27 14:54:45 UTC,2012-03-27 14:54:45 UTC
149,General of the Army,Dandelion,2012-03-27 14:54:46 UTC,2012-03-27 14:54:46 UTC
150,First Lieutenant,Horseradish,2012-03-27 14:54:46 UTC,2012-03-27 14:54:46 UTC
151,General of the Army,Allspice,2012-03-27 14:54:46 UTC,2012-03-27 14:54:46 UTC
152,Major,Dragonfruit,2012-03-27 14:54:46 UTC,2012-03-27 14:54:46 UTC
153,Private First Class,Cardamom,2012-03-27 14:54:46 UTC,2012-03-27 14:54:46 UTC
154,Private First Class,Vegetable Spaghetti,2012-03-27 14:54:47 UTC,2012-03-27 14:54:47 UTC
155,Lieutenant General,Malt Vinegar,2012-03-27 14:54:47 UTC,2012-03-27 14:54:47 UTC
156,Brigadier General,Feijoa,2012-03-27 14:54:47 UTC,2012-03-27 14:54:47 UTC
157,Private First Class,Amchur,2012-03-27 14:54:48 UTC,2012-03-27 14:54:48 UTC
158,Lieutenant General,Sun-Dried Tomatoes,2012-03-27 14:54:48 UTC,2012-03-27 14:54:48 UTC
159,Private,Ajowan Seed,2012-03-27 14:54:49 UTC,2012-03-27 14:54:49 UTC
160,Captain,Candle Nut,2012-03-27 14:54:49 UTC,2012-03-27 14:54:49 UTC
161,Lieutenant Colonel,Custard Apples,2012-03-27 14:54:49 UTC,2012-03-27 14:54:49 UTC
162,Master Sergeant,Kidney Beans,2012-03-27 14:54:49 UTC,2012-03-27 14:54:49 UTC
163,General of the Armies,Tinned,2012-03-27 14:54:50 UTC,2012-03-27 14:54:50 UTC
164,Private First Class,Brussels Sprouts,2012-03-27 14:54:50 UTC,2012-03-27 14:54:50 UTC
165,Lieutenant Colonel,William Pear,2012-03-27 14:54:50 UTC,2012-03-27 14:54:50 UTC
166,General,White Wine,2012-03-27 14:54:50 UTC,2012-03-27 14:54:50 UTC
167,Private First Class,Grape Seed Oil,2012-03-27 14:54:51 UTC,2012-03-27 14:54:51 UTC
168,First Lieutenant,Lemon,2012-03-27 14:54:51 UTC,2012-03-27 14:54:51 UTC
169,Second Lieutenant,Wholewheat Flour,2012-03-27 14:54:51 UTC,2012-03-27 14:54:51 UTC
170,Colonel,Achacha,2012-03-27 14:54:51 UTC,2012-03-27 14:54:51 UTC
171,Specialist,Mulberries,2012-03-27 14:54:52 UTC,2012-03-27 14:54:52 UTC
172,First Lieutenant,Kenchur,2012-03-27 14:54:52 UTC,2012-03-27 14:54:52 UTC
173,Captain,Soy Flour,2012-03-27 14:54:52 UTC,2012-03-27 14:54:52 UTC
174,Corporal,Corn Syrup,2012-03-27 14:54:52 UTC,2012-03-27 14:54:52 UTC
175,Private First Class,Mint,2012-03-27 14:54:52 UTC,2012-03-27 14:54:52 UTC
176,General of the Army,Incaberries,2012-03-27 14:54:53 UTC,2012-03-27 14:54:53 UTC
177,Brigadier General,Annatto Seed,2012-03-27 14:54:53 UTC,2012-03-27 14:54:53 UTC
178,General,Farmed Prawns,2012-03-27 14:54:53 UTC,2012-03-27 14:54:53 UTC
179,Staff Sergeant,Peppercorns,2012-03-27 14:54:54 UTC,2012-03-27 14:54:54 UTC
180,Major,Broccolini,2012-03-27 14:54:54 UTC,2012-03-27 14:54:54 UTC
181,General of the Army,Bamboo Shoots,2012-03-27 14:54:54 UTC,2012-03-27 14:54:54 UTC
182,Brigadier General,Juniper Berries,2012-03-27 14:54:54 UTC,2012-03-27 14:54:54 UTC
183,Captain,Baking Soda,2012-03-27 14:54:54 UTC,2012-03-27 14:54:54 UTC
184,Second Lieutenant,Juniper Berries,2012-03-27 14:54:54 UTC,2012-03-27 14:54:54 UTC
185,Sergeant Major of the Army,Stevia,2012-03-27 14:54:55 UTC,2012-03-27 14:54:55 UTC
186,Corporal,Ricotta,2012-03-27 14:54:55 UTC,2012-03-27 14:54:55 UTC
187,Captain,Corella Pear,2012-03-27 14:54:55 UTC,2012-03-27 14:54:55 UTC
188,Sergeant,Buckwheat,2012-03-27 14:54:55 UTC,2012-03-27 14:54:55 UTC
189,Brigadier General,Olives,2012-03-27 14:54:55 UTC,2012-03-27 14:54:55 UTC
190,Corporal,Cream,2012-03-27 14:54:56 UTC,2012-03-27 14:54:56 UTC
191,General of the Army,Jasmine Rice,2012-03-27 14:54:56 UTC,2012-03-27 14:54:56 UTC
192,Major,Flaxseed Oil,2012-03-27 14:54:56 UTC,2012-03-27 14:54:56 UTC
193,General of the Armies,Green Tea,2012-03-27 14:54:56 UTC,2012-03-27 14:54:56 UTC
194,Major General,Tea Oil,2012-03-27 14:54:56 UTC,2012-03-27 14:54:56 UTC
195,Corporal,Soba,2012-03-27 14:54:57 UTC,2012-03-27 14:54:57 UTC
196,Command Sergeant Major,Olive Oil,2012-03-27 14:54:57 UTC,2012-03-27 14:54:57 UTC
197,First Sergeant,Mulberries,2012-03-27 14:54:57 UTC,2012-03-27 14:54:57 UTC
198,Major General,Hiramasa Kingfish,2012-03-27 14:54:57 UTC,2012-03-27 14:54:57 UTC
199,Brigadier General,Farmed Prawns,2012-03-27 14:54:58 UTC,2012-03-27 14:54:58 UTC
200,First Sergeant,Loquats,2012-03-27 14:54:58 UTC,2012-03-27 14:54:58 UTC
201,Private First Class,Kecap Manis,2012-03-27 14:54:58 UTC,2012-03-27 14:54:58 UTC
202,First Lieutenant,Turmeric,2012-03-27 14:54:58 UTC,2012-03-27 14:54:58 UTC
203,Colonel,Omega Spread,2012-03-27 14:54:59 UTC,2012-03-27 14:54:59 UTC
204,Colonel,Snapper,2012-03-27 14:54:59 UTC,2012-03-27 14:54:59 UTC
205,Captain,Balsamic Vinegar,2012-03-27 14:54:59 UTC,2012-03-27 14:54:59 UTC
206,Lieutenant Colonel,Cream,2012-03-27 14:55:00 UTC,2012-03-27 14:55:00 UTC
207,Sergeant Major of the Army,Jelly,2012-03-27 14:55:00 UTC,2012-03-27 14:55:00 UTC
208,Second Lieutenant,Coriander Seed,2012-03-27 14:55:00 UTC,2012-03-27 14:55:00 UTC
209,Lieutenant Colonel,Candle Nut,2012-03-27 14:55:00 UTC,2012-03-27 14:55:00 UTC
210,Staff Sergeant,Red Pepper,2012-03-27 14:55:01 UTC,2012-03-27 14:55:01 UTC
211,Major,Galangal,2012-03-27 14:55:01 UTC,2012-03-27 14:55:01 UTC
212,Sergeant,Mozzarella,2012-03-27 14:55:02 UTC,2012-03-27 14:55:02 UTC
213,Lieutenant Colonel,Bread,2012-03-27 14:55:02 UTC,2012-03-27 14:55:02 UTC
214,Lieutenant Colonel,Apricots,2012-03-27 14:55:02 UTC,2012-03-27 14:55:02 UTC
215,Second Lieutenant,Shark,2012-03-27 14:55:02 UTC,2012-03-27 14:55:02 UTC
216,Captain,Cottage Cheese,2012-03-27 14:55:03 UTC,2012-03-27 14:55:03 UTC
217,Private,Black Eyed Beans,2012-03-27 14:55:03 UTC,2012-03-27 14:55:03 UTC
218,Lieutenant Colonel,Yoghurt,2012-03-27 14:55:03 UTC,2012-03-27 14:55:03 UTC
219,Sergeant Major,Cabbage,2012-03-27 14:55:03 UTC,2012-03-27 14:55:03 UTC
220,General of the Army,Tarragon,2012-03-27 14:55:04 UTC,2012-03-27 14:55:04 UTC
221,Command Sergeant Major,Cream Cheese,2012-03-27 14:55:04 UTC,2012-03-27 14:55:04 UTC
222,First Sergeant,Tahini,2012-03-27 14:55:04 UTC,2012-03-27 14:55:04 UTC
223,Sergeant,Butternut Pumpkin,2012-03-27 14:55:04 UTC,2012-03-27 14:55:04 UTC
224,Colonel,Berries,2012-03-27 14:55:05 UTC,2012-03-27 14:55:05 UTC
225,First Lieutenant,Dashi,2012-03-27 14:55:05 UTC,2012-03-27 14:55:05 UTC
226,Lieutenant General,Purple Rice,2012-03-27 14:55:05 UTC,2012-03-27 14:55:05 UTC
227,Lieutenant General,Spelt,2012-03-27 14:55:05 UTC,2012-03-27 14:55:05 UTC
228,Private First Class,Celery,2012-03-27 14:55:05 UTC,2012-03-27 14:55:05 UTC
229,Master Sergeant,Apples,2012-03-27 14:55:05 UTC,2012-03-27 14:55:05 UTC
230,Staff Sergeant,Bean Sprouts,2012-03-27 14:55:06 UTC,2012-03-27 14:55:06 UTC
231,General of the Army,Butter Beans,2012-03-27 14:55:06 UTC,2012-03-27 14:55:06 UTC
232,Major General,Banana,2012-03-27 14:55:06 UTC,2012-03-27 14:55:06 UTC
233,Lieutenant Colonel,Soy,2012-03-27 14:55:06 UTC,2012-03-27 14:55:06 UTC
234,Major General,Koshihikari Rice,2012-03-27 14:55:06 UTC,2012-03-27 14:55:06 UTC
235,Sergeant Major of the Army,Lychees,2012-03-27 14:55:06 UTC,2012-03-27 14:55:06 UTC
236,Private,Goat Cheese,2012-03-27 14:55:07 UTC,2012-03-27 14:55:07 UTC
237,Brigadier General,Turkey,2012-03-27 14:55:07 UTC,2012-03-27 14:55:07 UTC
238,Sergeant,Amaranth,2012-03-27 14:55:07 UTC,2012-03-27 14:55:07 UTC
239,Captain,Fennel Seeds,2012-03-27 14:55:08 UTC,2012-03-27 14:55:08 UTC
240,Sergeant Major,Annatto Seed,2012-03-27 14:55:08 UTC,2012-03-27 14:55:08 UTC
241,Sergeant First Class,Achacha,2012-03-27 14:55:08 UTC,2012-03-27 14:55:08 UTC
242,Sergeant Major,Yellowtail Kingfish,2012-03-27 14:55:08 UTC,2012-03-27 14:55:08 UTC
243,Sergeant Major of the Army,Pecan Nut,2012-03-27 14:55:08 UTC,2012-03-27 14:55:08 UTC
244,Private,Nutritional Yeast,2012-03-27 14:55:08 UTC,2012-03-27 14:55:08 UTC
245,Lieutenant Colonel,Banana,2012-03-27 14:55:08 UTC,2012-03-27 14:55:08 UTC
246,Command Sergeant Major,Cavalo,2012-03-27 14:55:08 UTC,2012-03-27 14:55:08 UTC
247,General of the Army,Anchovies,2012-03-27 14:55:09 UTC,2012-03-27 14:55:09 UTC
248,First Sergeant,Parmesan Cheese,2012-03-27 14:55:09 UTC,2012-03-27 14:55:09 UTC
249,Major,Dried Apricots,2012-03-27 14:55:09 UTC,2012-03-27 14:55:09 UTC
250,First Sergeant,Maple Syrup,2012-03-27 14:55:10 UTC,2012-03-27 14:55:10 UTC
251,Command Sergeant Major,Kiwi Berries,2012-03-27 14:55:10 UTC,2012-03-27 14:55:10 UTC
252,Sergeant Major,Bamboo Shoots,2012-03-27 14:55:10 UTC,2012-03-27 14:55:10 UTC
253,Captain,Bonito Flakes,2012-03-27 14:55:11 UTC,2012-03-27 14:55:11 UTC
254,Master Sergeant,Jarrahdale Pumpkin,2012-03-27 14:55:11 UTC,2012-03-27 14:55:11 UTC
255,Sergeant Major,Yogurt,2012-03-27 14:55:11 UTC,2012-03-27 14:55:11 UTC
256,Staff Sergeant,Blueberries,2012-03-27 14:55:11 UTC,2012-03-27 14:55:11 UTC
257,Brigadier General,Vegetable Stock,2012-03-27 14:55:12 UTC,2012-03-27 14:55:12 UTC
258,Master Sergeant,Licorice,2012-03-27 14:55:12 UTC,2012-03-27 14:55:12 UTC
259,Second Lieutenant,Cornichons,2012-03-27 14:55:12 UTC,2012-03-27 14:55:12 UTC
260,Private First Class,Miso,2012-03-27 14:55:12 UTC,2012-03-27 14:55:12 UTC
261,Lieutenant General,Mango,2012-03-27 14:55:12 UTC,2012-03-27 14:55:12 UTC
262,Brigadier General,William Pear,2012-03-27 14:55:12 UTC,2012-03-27 14:55:12 UTC
263,Sergeant Major of the Army,Rye Bread,2012-03-27 14:55:13 UTC,2012-03-27 14:55:13 UTC
264,Sergeant,Purple Carrot,2012-03-27 14:55:13 UTC,2012-03-27 14:55:13 UTC
265,Major,Goat Cheese,2012-03-27 14:55:14 UTC,2012-03-27 14:55:14 UTC
266,Major,Celery,2012-03-27 14:55:14 UTC,2012-03-27 14:55:14 UTC
267,Sergeant Major of the Army,Sultanas,2012-03-27 14:55:14 UTC,2012-03-27 14:55:14 UTC
268,First Lieutenant,Cucumber,2012-03-27 14:55:14 UTC,2012-03-27 14:55:14 UTC
269,First Lieutenant,Cucumber,2012-03-27 14:55:15 UTC,2012-03-27 14:55:15 UTC
270,Major,Apple Juice,2012-03-27 14:55:15 UTC,2012-03-27 14:55:15 UTC
271,Private,Green Tea,2012-03-27 14:55:15 UTC,2012-03-27 14:55:15 UTC
272,General of the Armies,Coconut,2012-03-27 14:55:16 UTC,2012-03-27 14:55:16 UTC
273,First Lieutenant,Dill,2012-03-27 14:55:16 UTC,2012-03-27 14:55:16 UTC
274,Major,Olive Oil,2012-03-27 14:55:16 UTC,2012-03-27 14:55:16 UTC
275,Sergeant First Class,Green Pepper,2012-03-27 14:55:16 UTC,2012-03-27 14:55:16 UTC
276,Specialist,Custard Apples,2012-03-27 14:55:16 UTC,2012-03-27 14:55:16 UTC
277,First Sergeant,Rice Flour,2012-03-27 14:55:17 UTC,2012-03-27 14:55:17 UTC
278,Brigadier General,Goat Milk,2012-03-27 14:55:17 UTC,2012-03-27 14:55:17 UTC
279,Captain,Persimmon,2012-03-27 14:55:17 UTC,2012-03-27 14:55:17 UTC
280,Corporal,Fruit,2012-03-27 14:55:18 UTC,2012-03-27 14:55:18 UTC
281,General of the Army,Macadamia Nut,2012-03-27 14:55:18 UTC,2012-03-27 14:55:18 UTC
282,Sergeant,Koshihikari Rice,2012-03-27 14:55:18 UTC,2012-03-27 14:55:18 UTC
283,Staff Sergeant,Squash,2012-03-27 14:55:18 UTC,2012-03-27 14:55:18 UTC
284,Lieutenant Colonel,Nutmeg,2012-03-27 14:55:19 UTC,2012-03-27 14:55:19 UTC
285,Sergeant,Slivered Almonds,2012-03-27 14:55:19 UTC,2012-03-27 14:55:19 UTC
286,Corporal,Kidney Beans,2012-03-27 14:55:19 UTC,2012-03-27 14:55:19 UTC
287,Major General,Fingerlime,2012-03-27 14:55:19 UTC,2012-03-27 14:55:19 UTC
288,Second Lieutenant,Pecan Nut,2012-03-27 14:55:20 UTC,2012-03-27 14:55:20 UTC
289,General,Wheatgrass Juice,2012-03-27 14:55:20 UTC,2012-03-27 14:55:20 UTC
290,Staff Sergeant,Crabs,2012-03-27 14:55:21 UTC,2012-03-27 14:55:21 UTC
291,Sergeant First Class,Pears,2012-03-27 14:55:21 UTC,2012-03-27 14:55:21 UTC
292,Sergeant,Brussels Sprouts,2012-03-27 14:55:21 UTC,2012-03-27 14:55:21 UTC
293,Captain,Cucumber,2012-03-27 14:55:22 UTC,2012-03-27 14:55:22 UTC
294,Sergeant Major of the Army,Edamame,2012-03-27 14:55:22 UTC,2012-03-27 14:55:22 UTC
295,Captain,Black Eyed Beans,2012-03-27 14:55:22 UTC,2012-03-27 14:55:22 UTC
296,Private,Dashi,2012-03-27 14:55:22 UTC,2012-03-27 14:55:22 UTC
297,Specialist,Capers,2012-03-27 14:55:23 UTC,2012-03-27 14:55:23 UTC
298,Corporal,Canola Oil,2012-03-27 14:55:23 UTC,2012-03-27 14:55:23 UTC
299,Second Lieutenant,Fish Sauce,2012-03-27 14:55:23 UTC,2012-03-27 14:55:23 UTC
300,Private First Class,Flour,2012-03-27 14:55:23 UTC,2012-03-27 14:55:23 UTC
301,Private,Rose Water,2012-03-27 14:55:24 UTC,2012-03-27 14:55:24 UTC
302,Sergeant,Chicken,2012-03-27 14:55:24 UTC,2012-03-27 14:55:24 UTC
303,Major,Lamb,2012-03-27 14:55:24 UTC,2012-03-27 14:55:24 UTC
304,General of the Armies,Choy Sum,2012-03-27 14:55:24 UTC,2012-03-27 14:55:24 UTC
305,Lieutenant Colonel,Kangaroo,2012-03-27 14:55:25 UTC,2012-03-27 14:55:25 UTC
306,First Sergeant,Nutritional Yeast,2012-03-27 14:55:25 UTC,2012-03-27 14:55:25 UTC
307,General of the Army,Yellowtail Kingfish,2012-03-27 14:55:26 UTC,2012-03-27 14:55:26 UTC
308,General,Kangaroo,2012-03-27 14:55:26 UTC,2012-03-27 14:55:26 UTC
309,General,Yoghurt,2012-03-27 14:55:26 UTC,2012-03-27 14:55:26 UTC
310,Second Lieutenant,Kudzu,2012-03-27 14:55:26 UTC,2012-03-27 14:55:26 UTC
311,Major General,Fish Sauce,2012-03-27 14:55:27 UTC,2012-03-27 14:55:27 UTC
312,Private First Class,Bay Leaves,2012-03-27 14:55:27 UTC,2012-03-27 14:55:27 UTC
313,Lieutenant General,Macadamia Nut,2012-03-27 14:55:27 UTC,2012-03-27 14:55:27 UTC
314,Major,Kidneys,2012-03-27 14:55:27 UTC,2012-03-27 14:55:27 UTC
315,Brigadier General,Bacon,2012-03-27 14:55:27 UTC,2012-03-27 14:55:27 UTC
316,Captain,Licorice,2012-03-27 14:55:28 UTC,2012-03-27 14:55:28 UTC
317,Lieutenant Colonel,Cabbage,2012-03-27 14:55:28 UTC,2012-03-27 14:55:28 UTC
318,First Lieutenant,Wheat,2012-03-27 14:55:29 UTC,2012-03-27 14:55:29 UTC
319,General,Pumpkin Seed,2012-03-27 14:55:29 UTC,2012-03-27 14:55:29 UTC
320,Sergeant,Yogurt,2012-03-27 14:55:29 UTC,2012-03-27 14:55:29 UTC
321,Major,Apple Cider Vinegar,2012-03-27 14:55:30 UTC,2012-03-27 14:55:30 UTC
322,Sergeant Major of the Army,Jerusalem Artichoke,2012-03-27 14:55:30 UTC,2012-03-27 14:55:30 UTC
323,Sergeant First Class,Wasabi,2012-03-27 14:55:30 UTC,2012-03-27 14:55:30 UTC
324,Specialist,Rice Paper,2012-03-27 14:55:30 UTC,2012-03-27 14:55:30 UTC
325,Sergeant Major of the Army,Iceberg Lettuce,2012-03-27 14:55:30 UTC,2012-03-27 14:55:30 UTC
326,Sergeant First Class,Mung Beans,2012-03-27 14:55:30 UTC,2012-03-27 14:55:30 UTC
327,Sergeant Major,Apple Juice,2012-03-27 14:55:31 UTC,2012-03-27 14:55:31 UTC
328,First Sergeant,Pumpkin Seed,2012-03-27 14:55:31 UTC,2012-03-27 14:55:31 UTC
329,Private First Class,Asafoetida,2012-03-27 14:55:31 UTC,2012-03-27 14:55:31 UTC
330,Staff Sergeant,Scallops,2012-03-27 14:55:31 UTC,2012-03-27 14:55:31 UTC
331,Lieutenant Colonel,Silverbeet,2012-03-27 14:55:32 UTC,2012-03-27 14:55:32 UTC
332,Corporal,Chickpea,2012-03-27 14:55:32 UTC,2012-03-27 14:55:32 UTC
333,Lieutenant Colonel,Kangaroo,2012-03-27 14:55:32 UTC,2012-03-27 14:55:32 UTC
334,Sergeant Major of the Army,Szechuan Pepperberry,2012-03-27 14:55:32 UTC,2012-03-27 14:55:32 UTC
335,Lieutenant Colonel,Brown Rice Vinegar,2012-03-27 14:55:33 UTC,2012-03-27 14:55:33 UTC
336,General of the Army,Peanuts,2012-03-27 14:55:33 UTC,2012-03-27 14:55:33 UTC
337,Second Lieutenant,Raspberry,2012-03-27 14:55:33 UTC,2012-03-27 14:55:33 UTC
338,Captain,Endive,2012-03-27 14:55:33 UTC,2012-03-27 14:55:33 UTC
339,First Lieutenant,Sprouts,2012-03-27 14:55:34 UTC,2012-03-27 14:55:34 UTC
340,Corporal,Spelt,2012-03-27 14:55:34 UTC,2012-03-27 14:55:34 UTC
341,Sergeant,Cauliflower,2012-03-27 14:55:34 UTC,2012-03-27 14:55:34 UTC
342,General of the Armies,Chickory,2012-03-27 14:55:35 UTC,2012-03-27 14:55:35 UTC
343,First Sergeant,Rice Paper,2012-03-27 14:55:35 UTC,2012-03-27 14:55:35 UTC
344,Second Lieutenant,Asafoetida,2012-03-27 14:55:35 UTC,2012-03-27 14:55:35 UTC
345,Major General,Cashews,2012-03-27 14:55:35 UTC,2012-03-27 14:55:35 UTC
346,Private,Kiwi Berries,2012-03-27 14:55:35 UTC,2012-03-27 14:55:35 UTC
347,General of the Armies,Plums,2012-03-27 14:55:35 UTC,2012-03-27 14:55:35 UTC
348,Major,Yellowtail Kingfish,2012-03-27 14:55:35 UTC,2012-03-27 14:55:35 UTC
349,Second Lieutenant,Endive,2012-03-27 14:55:36 UTC,2012-03-27 14:55:36 UTC
350,Second Lieutenant,Duck,2012-03-27 14:55:36 UTC,2012-03-27 14:55:36 UTC
351,Major,Blue Swimmer Crab,2012-03-27 14:55:36 UTC,2012-03-27 14:55:36 UTC
352,Staff Sergeant,Melon,2012-03-27 14:55:36 UTC,2012-03-27 14:55:36 UTC
353,Captain,Cranberry,2012-03-27 14:55:36 UTC,2012-03-27 14:55:36 UTC
354,Captain,Hokkien Noodles,2012-03-27 14:55:36 UTC,2012-03-27 14:55:36 UTC
355,Colonel,Muesli,2012-03-27 14:55:36 UTC,2012-03-27 14:55:36 UTC
356,Colonel,Cacao,2012-03-27 14:55:36 UTC,2012-03-27 14:55:36 UTC
357,Sergeant First Class,Macadamia Oil,2012-03-27 14:55:37 UTC,2012-03-27 14:55:37 UTC
358,Private First Class,Oyster Sauce,2012-03-27 14:55:37 UTC,2012-03-27 14:55:37 UTC
359,Second Lieutenant,Flathead,2012-03-27 14:55:37 UTC,2012-03-27 14:55:37 UTC
360,Private,Miso,2012-03-27 14:55:37 UTC,2012-03-27 14:55:37 UTC
361,General of the Armies,Longan,2012-03-27 14:55:37 UTC,2012-03-27 14:55:37 UTC
362,Sergeant First Class,Cauliflower,2012-03-27 14:55:38 UTC,2012-03-27 14:55:38 UTC
363,Captain,Kecap Manis,2012-03-27 14:55:38 UTC,2012-03-27 14:55:38 UTC
364,Brigadier General,Cumin,2012-03-27 14:55:38 UTC,2012-03-27 14:55:38 UTC
365,Sergeant Major,Provolone,2012-03-27 14:55:38 UTC,2012-03-27 14:55:38 UTC
366,Staff Sergeant,Dates,2012-03-27 14:55:39 UTC,2012-03-27 14:55:39 UTC
367,Sergeant Major,Tapioca,2012-03-27 14:55:39 UTC,2012-03-27 14:55:39 UTC
368,Major General,Hummus,2012-03-27 14:55:39 UTC,2012-03-27 14:55:39 UTC
369,General of the Army,Rice Noodles,2012-03-27 14:55:39 UTC,2012-03-27 14:55:39 UTC
370,First Lieutenant,Soy Beans,2012-03-27 14:55:39 UTC,2012-03-27 14:55:39 UTC
371,Second Lieutenant,Muesli,2012-03-27 14:55:39 UTC,2012-03-27 14:55:39 UTC
372,General of the Army,Mastic,2012-03-27 14:55:40 UTC,2012-03-27 14:55:40 UTC
373,Sergeant First Class,Peppers,2012-03-27 14:55:40 UTC,2012-03-27 14:55:40 UTC
374,Captain,Cacao,2012-03-27 14:55:40 UTC,2012-03-27 14:55:40 UTC
375,Lieutenant Colonel,Haricot Beans,2012-03-27 14:55:41 UTC,2012-03-27 14:55:41 UTC
376,Major General,Grapes,2012-03-27 14:55:41 UTC,2012-03-27 14:55:41 UTC
377,First Lieutenant,Sage,2012-03-27 14:55:41 UTC,2012-03-27 14:55:41 UTC
378,Command Sergeant Major,Polenta,2012-03-27 14:55:41 UTC,2012-03-27 14:55:41 UTC
379,General of the Army,Albacore Tuna,2012-03-27 14:55:41 UTC,2012-03-27 14:55:41 UTC
380,Private,Bran,2012-03-27 14:55:41 UTC,2012-03-27 14:55:41 UTC
381,Sergeant Major of the Army,Polenta,2012-03-27 14:55:42 UTC,2012-03-27 14:55:42 UTC
382,Staff Sergeant,Grapes,2012-03-27 14:55:42 UTC,2012-03-27 14:55:42 UTC
383,General of the Armies,Artichoke,2012-03-27 14:55:42 UTC,2012-03-27 14:55:42 UTC
384,Lieutenant Colonel,Agar,2012-03-27 14:55:42 UTC,2012-03-27 14:55:42 UTC
385,Colonel,Buttermilk,2012-03-27 14:55:43 UTC,2012-03-27 14:55:43 UTC
386,Lieutenant General,Banana,2012-03-27 14:55:43 UTC,2012-03-27 14:55:43 UTC
387,Private First Class,Jelly,2012-03-27 14:55:43 UTC,2012-03-27 14:55:43 UTC
388,First Sergeant,Brown Rice Vinegar,2012-03-27 14:55:44 UTC,2012-03-27 14:55:44 UTC
389,Staff Sergeant,Kidney Beans,2012-03-27 14:55:44 UTC,2012-03-27 14:55:44 UTC
390,Private First Class,Apple Juice Concentrate,2012-03-27 14:55:44 UTC,2012-03-27 14:55:44 UTC
391,Private,Spelt,2012-03-27 14:55:45 UTC,2012-03-27 14:55:45 UTC
392,Major General,Pomegranate,2012-03-27 14:55:45 UTC,2012-03-27 14:55:45 UTC
393,Brigadier General,Mangosteens,2012-03-27 14:55:45 UTC,2012-03-27 14:55:45 UTC
394,Sergeant Major of the Army,Trout,2012-03-27 14:55:45 UTC,2012-03-27 14:55:45 UTC
395,Colonel,Thyme,2012-03-27 14:55:46 UTC,2012-03-27 14:55:46 UTC
396,Colonel,Corn Oil,2012-03-27 14:55:46 UTC,2012-03-27 14:55:46 UTC
397,First Sergeant,Chives,2012-03-27 14:55:46 UTC,2012-03-27 14:55:46 UTC
398,Sergeant Major of the Army,Liver,2012-03-27 14:55:47 UTC,2012-03-27 14:55:47 UTC
399,Second Lieutenant,Apple Juice Concentrate,2012-03-27 14:55:47 UTC,2012-03-27 14:55:47 UTC
400,Private First Class,Butter,2012-03-27 14:55:47 UTC,2012-03-27 14:55:47 UTC
401,Colonel,Maple Syrup,2012-03-27 14:55:47 UTC,2012-03-27 14:55:47 UTC
402,Major General,Wholewheat Flour,2012-03-27 14:55:47 UTC,2012-03-27 14:55:47 UTC
403,Sergeant,Kombu,2012-03-27 14:55:48 UTC,2012-03-27 14:55:48 UTC
404,Lieutenant General,Edamame,2012-03-27 14:55:48 UTC,2012-03-27 14:55:48 UTC
405,Specialist,Kangaroo,2012-03-27 14:55:48 UTC,2012-03-27 14:55:48 UTC
406,Colonel,Sultanas,2012-03-27 14:55:48 UTC,2012-03-27 14:55:48 UTC
407,Captain,Macadamia Oil,2012-03-27 14:55:48 UTC,2012-03-27 14:55:48 UTC
408,Major General,Currants,2012-03-27 14:55:48 UTC,2012-03-27 14:55:48 UTC
409,Major,Barberry,2012-03-27 14:55:49 UTC,2012-03-27 14:55:49 UTC
410,Major,Haricot Beans,2012-03-27 14:55:49 UTC,2012-03-27 14:55:49 UTC
411,Second Lieutenant,Yellow Papaw,2012-03-27 14:55:49 UTC,2012-03-27 14:55:49 UTC
412,Captain,Brown Flour,2012-03-27 14:55:49 UTC,2012-03-27 14:55:49 UTC
413,Lieutenant General,Mace,2012-03-27 14:55:49 UTC,2012-03-27 14:55:49 UTC
414,Private,Crabs,2012-03-27 14:55:49 UTC,2012-03-27 14:55:49 UTC
415,Corporal,Grapes,2012-03-27 14:55:50 UTC,2012-03-27 14:55:50 UTC
416,Sergeant,Pecorino,2012-03-27 14:55:50 UTC,2012-03-27 14:55:50 UTC
417,Corporal,Pistachio Nut,2012-03-27 14:55:50 UTC,2012-03-27 14:55:50 UTC
418,Lieutenant General,Harissa,2012-03-27 14:55:51 UTC,2012-03-27 14:55:51 UTC
419,Major,Wakame,2012-03-27 14:55:51 UTC,2012-03-27 14:55:51 UTC
420,Command Sergeant Major,Rose Water,2012-03-27 14:55:51 UTC,2012-03-27 14:55:51 UTC
421,Major General,Swiss Chard,2012-03-27 14:55:51 UTC,2012-03-27 14:55:51 UTC
422,Sergeant First Class,Kenchur,2012-03-27 14:55:52 UTC,2012-03-27 14:55:52 UTC
423,First Sergeant,Annatto Seed,2012-03-27 14:55:52 UTC,2012-03-27 14:55:52 UTC
424,Staff Sergeant,Jarrahdale Pumpkin,2012-03-27 14:55:52 UTC,2012-03-27 14:55:52 UTC
425,Lieutenant General,Tapioca,2012-03-27 14:55:52 UTC,2012-03-27 14:55:52 UTC
426,Private,Pear,2012-03-27 14:55:53 UTC,2012-03-27 14:55:53 UTC
427,First Sergeant,Peaches,2012-03-27 14:55:53 UTC,2012-03-27 14:55:53 UTC
428,Private,Endive,2012-03-27 14:55:53 UTC,2012-03-27 14:55:53 UTC
429,Lieutenant Colonel,Dragonfruit,2012-03-27 14:55:54 UTC,2012-03-27 14:55:54 UTC
430,First Lieutenant,Yeast,2012-03-27 14:55:54 UTC,2012-03-27 14:55:54 UTC
431,Private First Class,Yellow Papaw,2012-03-27 14:55:54 UTC,2012-03-27 14:55:54 UTC
432,Staff Sergeant,Pasta,2012-03-27 14:55:54 UTC,2012-03-27 14:55:54 UTC
433,Captain,Vegetable Spaghetti,2012-03-27 14:55:54 UTC,2012-03-27 14:55:54 UTC
434,Brigadier General,Turkey,2012-03-27 14:55:54 UTC,2012-03-27 14:55:54 UTC
435,Sergeant Major,Pecorino,2012-03-27 14:55:54 UTC,2012-03-27 14:55:54 UTC
436,General of the Armies,Capsicum,2012-03-27 14:55:55 UTC,2012-03-27 14:55:55 UTC
437,Private,Galangal,2012-03-27 14:55:55 UTC,2012-03-27 14:55:55 UTC
438,Command Sergeant Major,Snapper,2012-03-27 14:55:56 UTC,2012-03-27 14:55:56 UTC
439,General,Buckwheat Flour,2012-03-27 14:55:56 UTC,2012-03-27 14:55:56 UTC
440,Command Sergeant Major,Paprik,2012-03-27 14:55:56 UTC,2012-03-27 14:55:56 UTC
441,Master Sergeant,Rice Noodles,2012-03-27 14:55:56 UTC,2012-03-27 14:55:56 UTC
442,Lieutenant Colonel,Porcini Mushrooms,2012-03-27 14:55:56 UTC,2012-03-27 14:55:56 UTC
443,Private First Class,Oranges,2012-03-27 14:55:57 UTC,2012-03-27 14:55:57 UTC
444,Sergeant First Class,Miso,2012-03-27 14:55:57 UTC,2012-03-27 14:55:57 UTC
445,Private First Class,Blue Eye Trevalla,2012-03-27 14:55:57 UTC,2012-03-27 14:55:57 UTC
446,Staff Sergeant,Butternut Lettuce,2012-03-27 14:55:57 UTC,2012-03-27 14:55:57 UTC
447,Major,Green Tea,2012-03-27 14:55:57 UTC,2012-03-27 14:55:57 UTC
448,Staff Sergeant,Flounder,2012-03-27 14:55:57 UTC,2012-03-27 14:55:57 UTC
449,Captain,Pecan Nut,2012-03-27 14:55:57 UTC,2012-03-27 14:55:57 UTC
450,First Lieutenant,Fenugreek,2012-03-27 14:55:57 UTC,2012-03-27 14:55:57 UTC
451,Staff Sergeant,Banana,2012-03-27 14:55:57 UTC,2012-03-27 14:55:57 UTC
452,Command Sergeant Major,Tempeh,2012-03-27 14:55:57 UTC,2012-03-27 14:55:57 UTC
453,Private First Class,Saffron,2012-03-27 14:55:57 UTC,2012-03-27 14:55:57 UTC
454,Sergeant First Class,Cherries,2012-03-27 14:55:58 UTC,2012-03-27 14:55:58 UTC
455,Colonel,Custard Apples,2012-03-27 14:55:58 UTC,2012-03-27 14:55:58 UTC
456,Sergeant First Class,Cannellini Beans,2012-03-27 14:55:58 UTC,2012-03-27 14:55:58 UTC
457,Sergeant,Wattleseed,2012-03-27 14:55:58 UTC,2012-03-27 14:55:58 UTC
458,Major General,Fish Stock,2012-03-27 14:55:59 UTC,2012-03-27 14:55:59 UTC
459,General,Butter,2012-03-27 14:55:59 UTC,2012-03-27 14:55:59 UTC
460,Private First Class,Fish Sauce,2012-03-27 14:56:00 UTC,2012-03-27 14:56:00 UTC
461,General of the Armies,Oregano,2012-03-27 14:56:00 UTC,2012-03-27 14:56:00 UTC
462,Private First Class,Thyme,2012-03-27 14:56:00 UTC,2012-03-27 14:56:00 UTC
463,General,Tabasco,2012-03-27 14:56:01 UTC,2012-03-27 14:56:01 UTC
464,Staff Sergeant,Potato Flour,2012-03-27 14:56:01 UTC,2012-03-27 14:56:01 UTC
465,Lieutenant Colonel,Chickpea,2012-03-27 14:56:01 UTC,2012-03-27 14:56:01 UTC
466,Staff Sergeant,Mangosteens,2012-03-27 14:56:01 UTC,2012-03-27 14:56:01 UTC
467,Brigadier General,Goat Cheese,2012-03-27 14:56:02 UTC,2012-03-27 14:56:02 UTC
468,Master Sergeant,Olives,2012-03-27 14:56:02 UTC,2012-03-27 14:56:02 UTC
469,Sergeant Major,Camellia Tea Oil,2012-03-27 14:56:02 UTC,2012-03-27 14:56:02 UTC
470,Corporal,Beef,2012-03-27 14:56:02 UTC,2012-03-27 14:56:02 UTC
471,Sergeant First Class,Buckwheat,2012-03-27 14:56:02 UTC,2012-03-27 14:56:02 UTC
472,First Sergeant,Basil Basmati Rice,2012-03-27 14:56:03 UTC,2012-03-27 14:56:03 UTC
473,Colonel,Spearmint,2012-03-27 14:56:03 UTC,2012-03-27 14:56:03 UTC
474,Colonel,Fennel,2012-03-27 14:56:03 UTC,2012-03-27 14:56:03 UTC
475,Specialist,Tamarillo,2012-03-27 14:56:03 UTC,2012-03-27 14:56:03 UTC
476,Sergeant First Class,Lemongrass,2012-03-27 14:56:03 UTC,2012-03-27 14:56:03 UTC
477,Staff Sergeant,Smoked Trout,2012-03-27 14:56:04 UTC,2012-03-27 14:56:04 UTC
478,First Sergeant,Parsnip,2012-03-27 14:56:04 UTC,2012-03-27 14:56:04 UTC
479,Sergeant Major of the Army,Sunflower Seeds,2012-03-27 14:56:04 UTC,2012-03-27 14:56:04 UTC
480,Private First Class,Lobster,2012-03-27 14:56:04 UTC,2012-03-27 14:56:04 UTC
481,Major General,Muesli,2012-03-27 14:56:04 UTC,2012-03-27 14:56:04 UTC
482,Corporal,Bonza,2012-03-27 14:56:05 UTC,2012-03-27 14:56:05 UTC
483,Corporal,Freekeh,2012-03-27 14:56:05 UTC,2012-03-27 14:56:05 UTC
484,Lieutenant General,Green Pepper,2012-03-27 14:56:06 UTC,2012-03-27 14:56:06 UTC
485,Staff Sergeant,Amchur,2012-03-27 14:56:06 UTC,2012-03-27 14:56:06 UTC
486,Colonel,Wakame,2012-03-27 14:56:06 UTC,2012-03-27 14:56:06 UTC
487,General of the Armies,Star Fruit,2012-03-27 14:56:06 UTC,2012-03-27 14:56:06 UTC
488,First Sergeant,Rye Bread,2012-03-27 14:56:06 UTC,2012-03-27 14:56:06 UTC
489,First Sergeant,Brussels Sprouts,2012-03-27 14:56:06 UTC,2012-03-27 14:56:06 UTC
490,Brigadier General,Alfalfa,2012-03-27 14:56:07 UTC,2012-03-27 14:56:07 UTC
491,Major,Honey,2012-03-27 14:56:07 UTC,2012-03-27 14:56:07 UTC
492,Corporal,Feijoa,2012-03-27 14:56:07 UTC,2012-03-27 14:56:07 UTC
493,Staff Sergeant,Nuts,2012-03-27 14:56:07 UTC,2012-03-27 14:56:07 UTC
494,Captain,Pecorino,2012-03-27 14:56:08 UTC,2012-03-27 14:56:08 UTC
495,Sergeant Major,Parrotfish,2012-03-27 14:56:08 UTC,2012-03-27 14:56:08 UTC
496,Private First Class,Spring Onions,2012-03-27 14:56:08 UTC,2012-03-27 14:56:08 UTC
497,Brigadier General,Parmesan Cheese,2012-03-27 14:56:08 UTC,2012-03-27 14:56:08 UTC
498,Sergeant Major of the Army,Almond Oil,2012-03-27 14:56:08 UTC,2012-03-27 14:56:08 UTC
499,Colonel,Duck,2012-03-27 14:56:08 UTC,2012-03-27 14:56:08 UTC
500,First Lieutenant,Farmed Prawns,2012-03-27 14:56:08 UTC,2012-03-27 14:56:08 UTC
501,Private First Class,Bay Leaves,2012-03-27 14:56:08 UTC,2012-03-27 14:56:08 UTC
502,Brigadier General,Caraway Seed,2012-03-27 14:56:09 UTC,2012-03-27 14:56:09 UTC
503,Second Lieutenant,Harissa,2012-03-27 14:56:09 UTC,2012-03-27 14:56:09 UTC
504,First Lieutenant,Haricot Beans,2012-03-27 14:56:09 UTC,2012-03-27 14:56:09 UTC
505,Lieutenant Colonel,Soymilk,2012-03-27 14:56:09 UTC,2012-03-27 14:56:09 UTC
506,Major,Squash,2012-03-27 14:56:09 UTC,2012-03-27 14:56:09 UTC
507,Sergeant Major of the Army,Purple Carrot,2012-03-27 14:56:09 UTC,2012-03-27 14:56:09 UTC
508,Captain,Kumera,2012-03-27 14:56:10 UTC,2012-03-27 14:56:10 UTC
509,Corporal,Calamari,2012-03-27 14:56:10 UTC,2012-03-27 14:56:10 UTC
510,Sergeant,Spearmint,2012-03-27 14:56:10 UTC,2012-03-27 14:56:10 UTC
511,Staff Sergeant,Tea Oil,2012-03-27 14:56:10 UTC,2012-03-27 14:56:10 UTC
512,Specialist,Lychees,2012-03-27 14:56:11 UTC,2012-03-27 14:56:11 UTC
513,First Sergeant,Water,2012-03-27 14:56:11 UTC,2012-03-27 14:56:11 UTC
514,Captain,Pecan Nut,2012-03-27 14:56:11 UTC,2012-03-27 14:56:11 UTC
515,Corporal,Starfruit,2012-03-27 14:56:11 UTC,2012-03-27 14:56:11 UTC
516,Corporal,Paprik,2012-03-27 14:56:12 UTC,2012-03-27 14:56:12 UTC
517,Second Lieutenant,Marjoram,2012-03-27 14:56:12 UTC,2012-03-27 14:56:12 UTC
518,First Lieutenant,Eggs,2012-03-27 14:56:12 UTC,2012-03-27 14:56:12 UTC
519,General of the Army,Carob Carrot,2012-03-27 14:56:12 UTC,2012-03-27 14:56:12 UTC
520,General of the Army,Onion,2012-03-27 14:56:12 UTC,2012-03-27 14:56:12 UTC
521,Sergeant Major of the Army,Persimmon,2012-03-27 14:56:13 UTC,2012-03-27 14:56:13 UTC
522,Command Sergeant Major,Rye,2012-03-27 14:56:13 UTC,2012-03-27 14:56:13 UTC
523,General of the Armies,Green Tea,2012-03-27 14:56:13 UTC,2012-03-27 14:56:13 UTC
524,Colonel,Tamarillo,2012-03-27 14:56:14 UTC,2012-03-27 14:56:14 UTC
525,Command Sergeant Major,Tabasco,2012-03-27 14:56:14 UTC,2012-03-27 14:56:14 UTC
526,Specialist,Tapioca Flour,2012-03-27 14:56:15 UTC,2012-03-27 14:56:15 UTC
527,Colonel,Bulghur,2012-03-27 14:56:15 UTC,2012-03-27 14:56:15 UTC
528,General of the Armies,Buttermilk,2012-03-27 14:56:15 UTC,2012-03-27 14:56:15 UTC
529,General of the Armies,Kidneys,2012-03-27 14:56:16 UTC,2012-03-27 14:56:16 UTC
530,Brigadier General,Redfish,2012-03-27 14:56:16 UTC,2012-03-27 14:56:16 UTC
531,Colonel,Chilli Pepper,2012-03-27 14:56:16 UTC,2012-03-27 14:56:16 UTC
532,Captain,Kangaroo,2012-03-27 14:56:17 UTC,2012-03-27 14:56:17 UTC
533,Sergeant,Goji Berry,2012-03-27 14:56:17 UTC,2012-03-27 14:56:17 UTC
534,Second Lieutenant,Snowpea sprouts,2012-03-27 14:56:17 UTC,2012-03-27 14:56:17 UTC
535,Major General,Enoki Mushrooms,2012-03-27 14:56:17 UTC,2012-03-27 14:56:17 UTC
536,Specialist,Spelt,2012-03-27 14:56:18 UTC,2012-03-27 14:56:18 UTC
537,Sergeant First Class,Longan,2012-03-27 14:56:18 UTC,2012-03-27 14:56:18 UTC
538,Private,Cauliflower,2012-03-27 14:56:18 UTC,2012-03-27 14:56:18 UTC
539,Sergeant,Kidneys,2012-03-27 14:56:18 UTC,2012-03-27 14:56:18 UTC
540,First Sergeant,Melon,2012-03-27 14:56:18 UTC,2012-03-27 14:56:18 UTC
541,General of the Army,Soy Sauce,2012-03-27 14:56:19 UTC,2012-03-27 14:56:19 UTC
542,Corporal,Asafoetida,2012-03-27 14:56:19 UTC,2012-03-27 14:56:19 UTC
543,Command Sergeant Major,White Bread,2012-03-27 14:56:20 UTC,2012-03-27 14:56:20 UTC
544,Corporal,Rhubarb,2012-03-27 14:56:20 UTC,2012-03-27 14:56:20 UTC
545,Sergeant Major,Besan,2012-03-27 14:56:20 UTC,2012-03-27 14:56:20 UTC
546,Brigadier General,Milk Chocolate,2012-03-27 14:56:20 UTC,2012-03-27 14:56:20 UTC
547,Lieutenant General,Star Fruit,2012-03-27 14:56:20 UTC,2012-03-27 14:56:20 UTC
548,Staff Sergeant,Coconut,2012-03-27 14:56:21 UTC,2012-03-27 14:56:21 UTC
549,Corporal,Garlic,2012-03-27 14:56:21 UTC,2012-03-27 14:56:21 UTC
550,First Sergeant,Parsnip,2012-03-27 14:56:21 UTC,2012-03-27 14:56:21 UTC
551,First Sergeant,Choy Sum,2012-03-27 14:56:21 UTC,2012-03-27 14:56:21 UTC
552,First Lieutenant,Mandarins,2012-03-27 14:56:21 UTC,2012-03-27 14:56:21 UTC
553,Colonel,Pistachio Nut,2012-03-27 14:56:22 UTC,2012-03-27 14:56:22 UTC
554,Lieutenant Colonel,Sausages,2012-03-27 14:56:22 UTC,2012-03-27 14:56:22 UTC
555,Command Sergeant Major,Camellia Tea Oil,2012-03-27 14:56:23 UTC,2012-03-27 14:56:23 UTC
556,Captain,Loquats,2012-03-27 14:56:23 UTC,2012-03-27 14:56:23 UTC
557,Lieutenant Colonel,Rye Bread,2012-03-27 14:56:24 UTC,2012-03-27 14:56:24 UTC
558,General of the Army,Dried Chinese Broccoli,2012-03-27 14:56:24 UTC,2012-03-27 14:56:24 UTC
559,General of the Armies,Asafoetida,2012-03-27 14:56:24 UTC,2012-03-27 14:56:24 UTC
560,Second Lieutenant,Butternut Lettuce,2012-03-27 14:56:25 UTC,2012-03-27 14:56:25 UTC
561,Staff Sergeant,Cardamom,2012-03-27 14:56:25 UTC,2012-03-27 14:56:25 UTC
562,Specialist,Tomatoes,2012-03-27 14:56:25 UTC,2012-03-27 14:56:25 UTC
563,Private First Class,Fennel Seeds,2012-03-27 14:56:25 UTC,2012-03-27 14:56:25 UTC
564,Brigadier General,Adzuki Beans,2012-03-27 14:56:25 UTC,2012-03-27 14:56:25 UTC
565,Brigadier General,Spearmint,2012-03-27 14:56:26 UTC,2012-03-27 14:56:26 UTC
566,First Sergeant,Stevia,2012-03-27 14:56:26 UTC,2012-03-27 14:56:26 UTC
567,Captain,Fish Sauce,2012-03-27 14:56:26 UTC,2012-03-27 14:56:26 UTC
568,Sergeant First Class,Haricot Beans,2012-03-27 14:56:26 UTC,2012-03-27 14:56:26 UTC
569,Specialist,Purple Rice,2012-03-27 14:56:27 UTC,2012-03-27 14:56:27 UTC
570,Major,Red Lentils,2012-03-27 14:56:27 UTC,2012-03-27 14:56:27 UTC
571,Brigadier General,Cardamom,2012-03-27 14:56:27 UTC,2012-03-27 14:56:27 UTC
572,Major General,Allspice,2012-03-27 14:56:27 UTC,2012-03-27 14:56:27 UTC
573,First Lieutenant,Papaw,2012-03-27 14:56:28 UTC,2012-03-27 14:56:28 UTC
574,Second Lieutenant,Red Cabbage,2012-03-27 14:56:28 UTC,2012-03-27 14:56:28 UTC
575,General,Safflower Oil,2012-03-27 14:56:28 UTC,2012-03-27 14:56:28 UTC
576,General of the Armies,Kangaroo,2012-03-27 14:56:28 UTC,2012-03-27 14:56:28 UTC
577,General of the Armies,Garam Masala,2012-03-27 14:56:28 UTC,2012-03-27 14:56:28 UTC
578,Sergeant Major of the Army,Spelt Bread,2012-03-27 14:56:29 UTC,2012-03-27 14:56:29 UTC
579,First Lieutenant,Soba,2012-03-27 14:56:29 UTC,2012-03-27 14:56:29 UTC
580,Second Lieutenant,Ham,2012-03-27 14:56:29 UTC,2012-03-27 14:56:29 UTC
581,Master Sergeant,Peppermint,2012-03-27 14:56:29 UTC,2012-03-27 14:56:29 UTC
582,Sergeant First Class,Peas,2012-03-27 14:56:30 UTC,2012-03-27 14:56:30 UTC
583,Sergeant,Cornmeal,2012-03-27 14:56:30 UTC,2012-03-27 14:56:30 UTC
584,Lieutenant General,Soy Flour,2012-03-27 14:56:30 UTC,2012-03-27 14:56:30 UTC
585,Major General,Milk Chocolate,2012-03-27 14:56:30 UTC,2012-03-27 14:56:30 UTC
586,General of the Armies,Omega Spread,2012-03-27 14:56:31 UTC,2012-03-27 14:56:31 UTC
587,Private First Class,Red Wine Vinegar,2012-03-27 14:56:31 UTC,2012-03-27 14:56:31 UTC
588,First Lieutenant,Fish Sauce,2012-03-27 14:56:31 UTC,2012-03-27 14:56:31 UTC
589,First Sergeant,Chicken,2012-03-27 14:56:32 UTC,2012-03-27 14:56:32 UTC
590,Sergeant First Class,Cavalo,2012-03-27 14:56:32 UTC,2012-03-27 14:56:32 UTC
591,Second Lieutenant,Potatoes,2012-03-27 14:56:32 UTC,2012-03-27 14:56:32 UTC
592,General of the Armies,Rice Noodles,2012-03-27 14:56:32 UTC,2012-03-27 14:56:32 UTC
593,Lieutenant General,Dill,2012-03-27 14:56:33 UTC,2012-03-27 14:56:33 UTC
594,Major,Almond Oil,2012-03-27 14:56:33 UTC,2012-03-27 14:56:33 UTC
595,Brigadier General,Asparagus,2012-03-27 14:56:34 UTC,2012-03-27 14:56:34 UTC
596,Brigadier General,Vermicelli Noodles,2012-03-27 14:56:34 UTC,2012-03-27 14:56:34 UTC
597,Specialist,Lychees,2012-03-27 14:56:34 UTC,2012-03-27 14:56:34 UTC
598,General of the Armies,Cannellini Beans,2012-03-27 14:56:35 UTC,2012-03-27 14:56:35 UTC
599,Major,Tomatoes,2012-03-27 14:56:35 UTC,2012-03-27 14:56:35 UTC
600,First Sergeant,Fish Stock,2012-03-27 14:56:35 UTC,2012-03-27 14:56:35 UTC
601,Lieutenant General,Taleggio Cheese,2012-03-27 14:56:35 UTC,2012-03-27 14:56:35 UTC
602,General,Nori,2012-03-27 14:56:36 UTC,2012-03-27 14:56:36 UTC
603,Sergeant Major of the Army,Oyster Mushrooms,2012-03-27 14:56:36 UTC,2012-03-27 14:56:36 UTC
604,Lieutenant Colonel,Lemongrass,2012-03-27 14:56:37 UTC,2012-03-27 14:56:37 UTC
605,Sergeant First Class,Sesame Oil,2012-03-27 14:56:37 UTC,2012-03-27 14:56:37 UTC
606,Colonel,Pumpkin Seed,2012-03-27 14:56:37 UTC,2012-03-27 14:56:37 UTC
607,Brigadier General,Wattleseed,2012-03-27 14:56:37 UTC,2012-03-27 14:56:37 UTC
608,Master Sergeant,Black Eyed Beans,2012-03-27 14:56:38 UTC,2012-03-27 14:56:38 UTC
609,Corporal,Pistachio Nut,2012-03-27 14:56:38 UTC,2012-03-27 14:56:38 UTC
610,Private,Iceberg Lettuce,2012-03-27 14:56:38 UTC,2012-03-27 14:56:38 UTC
611,Master Sergeant,Vinegar,2012-03-27 14:56:38 UTC,2012-03-27 14:56:38 UTC
612,Lieutenant Colonel,Yeast,2012-03-27 14:56:39 UTC,2012-03-27 14:56:39 UTC
613,Staff Sergeant,Pistachio Nut,2012-03-27 14:56:39 UTC,2012-03-27 14:56:39 UTC
614,Colonel,Tamari,2012-03-27 14:56:39 UTC,2012-03-27 14:56:39 UTC
615,Captain,Purple Rice,2012-03-27 14:56:40 UTC,2012-03-27 14:56:40 UTC
616,General of the Army,Guava,2012-03-27 14:56:40 UTC,2012-03-27 14:56:40 UTC
617,Specialist,Coriander Leaves,2012-03-27 14:56:40 UTC,2012-03-27 14:56:40 UTC
618,First Lieutenant,Anchovies,2012-03-27 14:56:41 UTC,2012-03-27 14:56:41 UTC
619,Command Sergeant Major,Spearmint,2012-03-27 14:56:41 UTC,2012-03-27 14:56:41 UTC
620,Command Sergeant Major,Snowpea sprouts,2012-03-27 14:56:41 UTC,2012-03-27 14:56:41 UTC
621,Command Sergeant Major,Barramundi,2012-03-27 14:56:41 UTC,2012-03-27 14:56:41 UTC
622,Sergeant Major of the Army,Chia Seeds,2012-03-27 14:56:41 UTC,2012-03-27 14:56:41 UTC
623,Lieutenant General,Peanuts,2012-03-27 14:56:42 UTC,2012-03-27 14:56:42 UTC
624,First Lieutenant,Buckwheat,2012-03-27 14:56:42 UTC,2012-03-27 14:56:42 UTC
625,Private First Class,Sweet Chilli Sauce,2012-03-27 14:56:42 UTC,2012-03-27 14:56:42 UTC
626,Brigadier General,Green Tea,2012-03-27 14:56:43 UTC,2012-03-27 14:56:43 UTC
627,Specialist,Corn Tortilla,2012-03-27 14:56:43 UTC,2012-03-27 14:56:43 UTC
628,Sergeant Major,Asparagus,2012-03-27 14:56:43 UTC,2012-03-27 14:56:43 UTC
629,General,Purple Rice,2012-03-27 14:56:43 UTC,2012-03-27 14:56:43 UTC
630,Private First Class,Margarine,2012-03-27 14:56:43 UTC,2012-03-27 14:56:43 UTC
631,Sergeant Major of the Army,Bonito Flakes,2012-03-27 14:56:44 UTC,2012-03-27 14:56:44 UTC
632,Corporal,Trout,2012-03-27 14:56:44 UTC,2012-03-27 14:56:44 UTC
633,Major,Yellow Papaw,2012-03-27 14:56:44 UTC,2012-03-27 14:56:44 UTC
634,Sergeant,Nashi Pear,2012-03-27 14:56:44 UTC,2012-03-27 14:56:44 UTC
635,Master Sergeant,Sun-Dried Tomatoes,2012-03-27 14:56:45 UTC,2012-03-27 14:56:45 UTC
636,Major,Vanilla Beans,2012-03-27 14:56:45 UTC,2012-03-27 14:56:45 UTC
637,Private First Class,Wholemeal,2012-03-27 14:56:45 UTC,2012-03-27 14:56:45 UTC
638,Sergeant Major,Caraway Seed,2012-03-27 14:56:45 UTC,2012-03-27 14:56:45 UTC
639,Major,Aubergine,2012-03-27 14:56:45 UTC,2012-03-27 14:56:45 UTC
640,Corporal,Bonito Flakes,2012-03-27 14:56:45 UTC,2012-03-27 14:56:45 UTC
641,Second Lieutenant,Yellowtail Kingfish,2012-03-27 14:56:45 UTC,2012-03-27 14:56:45 UTC
642,First Sergeant,English Spinach,2012-03-27 14:56:45 UTC,2012-03-27 14:56:45 UTC
643,Specialist,Cantaloupe,2012-03-27 14:56:46 UTC,2012-03-27 14:56:46 UTC
644,General of the Armies,Butter,2012-03-27 14:56:46 UTC,2012-03-27 14:56:46 UTC
645,Private,Beef Stock,2012-03-27 14:56:46 UTC,2012-03-27 14:56:46 UTC
646,Command Sergeant Major,Blue Swimmer Crab,2012-03-27 14:56:46 UTC,2012-03-27 14:56:46 UTC
647,Command Sergeant Major,Ricemilk,2012-03-27 14:56:46 UTC,2012-03-27 14:56:46 UTC
648,General,Flounder,2012-03-27 14:56:47 UTC,2012-03-27 14:56:47 UTC
649,Colonel,Hummus,2012-03-27 14:56:47 UTC,2012-03-27 14:56:47 UTC
650,Brigadier General,Margarine,2012-03-27 14:56:48 UTC,2012-03-27 14:56:48 UTC
651,Sergeant,Custard Apples,2012-03-27 14:56:48 UTC,2012-03-27 14:56:48 UTC
652,Sergeant Major,Bonza,2012-03-27 14:56:48 UTC,2012-03-27 14:56:48 UTC
653,Sergeant Major,Edam,2012-03-27 14:56:48 UTC,2012-03-27 14:56:48 UTC
654,Sergeant First Class,Common Cultivated Mushrooms,2012-03-27 14:56:49 UTC,2012-03-27 14:56:49 UTC
655,General of the Army,Mulberries,2012-03-27 14:56:49 UTC,2012-03-27 14:56:49 UTC
656,First Sergeant,Nuts,2012-03-27 14:56:49 UTC,2012-03-27 14:56:49 UTC
657,Specialist,Crabs,2012-03-27 14:56:50 UTC,2012-03-27 14:56:50 UTC
658,Brigadier General,Horseradish,2012-03-27 14:56:50 UTC,2012-03-27 14:56:50 UTC
659,General of the Armies,Tuna,2012-03-27 14:56:50 UTC,2012-03-27 14:56:50 UTC
660,Sergeant First Class,Dandelion,2012-03-27 14:56:50 UTC,2012-03-27 14:56:50 UTC
661,Master Sergeant,Pomegranate,2012-03-27 14:56:50 UTC,2012-03-27 14:56:50 UTC
662,Sergeant Major,Custard Apples,2012-03-27 14:56:51 UTC,2012-03-27 14:56:51 UTC
663,Private,Mackerel,2012-03-27 14:56:51 UTC,2012-03-27 14:56:51 UTC
664,Colonel,Chives,2012-03-27 14:56:51 UTC,2012-03-27 14:56:51 UTC
665,Second Lieutenant,Elderberry,2012-03-27 14:56:51 UTC,2012-03-27 14:56:51 UTC
666,Brigadier General,Bush Tomato,2012-03-27 14:56:52 UTC,2012-03-27 14:56:52 UTC
667,Lieutenant General,Pandanus Leaves,2012-03-27 14:56:52 UTC,2012-03-27 14:56:52 UTC
668,Staff Sergeant,Avocado,2012-03-27 14:56:52 UTC,2012-03-27 14:56:52 UTC
669,Private First Class,Hummus,2012-03-27 14:56:52 UTC,2012-03-27 14:56:52 UTC
670,Lieutenant General,Blood Oranges,2012-03-27 14:56:52 UTC,2012-03-27 14:56:52 UTC
671,Colonel,Wholemeal,2012-03-27 14:56:52 UTC,2012-03-27 14:56:52 UTC
672,Major,Mandarins,2012-03-27 14:56:52 UTC,2012-03-27 14:56:52 UTC
673,Command Sergeant Major,Common Cultivated Mushrooms,2012-03-27 14:56:53 UTC,2012-03-27 14:56:53 UTC
674,First Lieutenant,Star Anise,2012-03-27 14:56:53 UTC,2012-03-27 14:56:53 UTC
675,Corporal,Buckwheat,2012-03-27 14:56:53 UTC,2012-03-27 14:56:53 UTC
676,Private,Tofu,2012-03-27 14:56:53 UTC,2012-03-27 14:56:53 UTC
677,General of the Army,Watermelon,2012-03-27 14:56:53 UTC,2012-03-27 14:56:53 UTC
678,Lieutenant General,Asian Noodles,2012-03-27 14:56:53 UTC,2012-03-27 14:56:53 UTC
679,First Lieutenant,Hokkien Noodles,2012-03-27 14:56:54 UTC,2012-03-27 14:56:54 UTC
680,Command Sergeant Major,Poppy Seed,2012-03-27 14:56:54 UTC,2012-03-27 14:56:54 UTC
681,Lieutenant Colonel,Chickpea,2012-03-27 14:56:54 UTC,2012-03-27 14:56:54 UTC
682,General of the Armies,Pumpkin Seed,2012-03-27 14:56:55 UTC,2012-03-27 14:56:55 UTC
683,Colonel,Red Cabbage,2012-03-27 14:56:55 UTC,2012-03-27 14:56:55 UTC
684,Sergeant Major of the Army,Potato Flour,2012-03-27 14:56:55 UTC,2012-03-27 14:56:55 UTC
685,Private,Hokkien Noodles,2012-03-27 14:56:55 UTC,2012-03-27 14:56:55 UTC
686,Colonel,Parrotfish,2012-03-27 14:56:55 UTC,2012-03-27 14:56:55 UTC
687,General of the Armies,Flathead,2012-03-27 14:56:55 UTC,2012-03-27 14:56:55 UTC
688,First Lieutenant,Raspberry,2012-03-27 14:56:55 UTC,2012-03-27 14:56:55 UTC
689,Private First Class,Corn Syrup,2012-03-27 14:56:56 UTC,2012-03-27 14:56:56 UTC
690,Colonel,Persimmon,2012-03-27 14:56:56 UTC,2012-03-27 14:56:56 UTC
691,General of the Armies,Blueberries,2012-03-27 14:56:56 UTC,2012-03-27 14:56:56 UTC
692,Private First Class,Bacon,2012-03-27 14:56:56 UTC,2012-03-27 14:56:56 UTC
693,Command Sergeant Major,Wakame,2012-03-27 14:56:56 UTC,2012-03-27 14:56:56 UTC
694,Sergeant,Chia Seeds,2012-03-27 14:56:56 UTC,2012-03-27 14:56:56 UTC
695,Captain,Red Wine Vinegar,2012-03-27 14:56:57 UTC,2012-03-27 14:56:57 UTC
696,Sergeant Major of the Army,Rye Bread,2012-03-27 14:56:57 UTC,2012-03-27 14:56:57 UTC
697,Sergeant First Class,Avocado,2012-03-27 14:56:57 UTC,2012-03-27 14:56:57 UTC
698,Lieutenant General,Sardines,2012-03-27 14:56:57 UTC,2012-03-27 14:56:57 UTC
699,Master Sergeant,Watercress,2012-03-27 14:56:58 UTC,2012-03-27 14:56:58 UTC
700,Corporal,Ricemilk,2012-03-27 14:56:58 UTC,2012-03-27 14:56:58 UTC
701,Sergeant Major,Peppermint,2012-03-27 14:56:58 UTC,2012-03-27 14:56:58 UTC
702,General,Barramundi,2012-03-27 14:56:58 UTC,2012-03-27 14:56:58 UTC
703,Master Sergeant,Dried Apricots,2012-03-27 14:56:58 UTC,2012-03-27 14:56:58 UTC
704,Sergeant Major of the Army,Olive Oil,2012-03-27 14:56:59 UTC,2012-03-27 14:56:59 UTC
705,Sergeant,Potatoes,2012-03-27 14:56:59 UTC,2012-03-27 14:56:59 UTC
706,Command Sergeant Major,Soy Flour,2012-03-27 14:56:59 UTC,2012-03-27 14:56:59 UTC
707,General,Dried Chinese Broccoli,2012-03-27 14:57:00 UTC,2012-03-27 14:57:00 UTC
708,Lieutenant General,Blue Swimmer Crab,2012-03-27 14:57:00 UTC,2012-03-27 14:57:00 UTC
709,Lieutenant Colonel,Chickory,2012-03-27 14:57:01 UTC,2012-03-27 14:57:01 UTC
710,Corporal,Peppermint,2012-03-27 14:57:01 UTC,2012-03-27 14:57:01 UTC
711,Corporal,Watercress,2012-03-27 14:57:01 UTC,2012-03-27 14:57:01 UTC
712,First Lieutenant,Parsnip,2012-03-27 14:57:02 UTC,2012-03-27 14:57:02 UTC
713,Lieutenant General,Jerusalem Artichoke,2012-03-27 14:57:02 UTC,2012-03-27 14:57:02 UTC
714,Sergeant Major,Anchovies,2012-03-27 14:57:03 UTC,2012-03-27 14:57:03 UTC
715,Private,Macadamia Oil,2012-03-27 14:57:03 UTC,2012-03-27 14:57:03 UTC
716,Second Lieutenant,Green Tea Noodles,2012-03-27 14:57:03 UTC,2012-03-27 14:57:03 UTC
717,Second Lieutenant,Stevia,2012-03-27 14:57:04 UTC,2012-03-27 14:57:04 UTC
718,Sergeant First Class,Sage,2012-03-27 14:57:05 UTC,2012-03-27 14:57:05 UTC
719,Staff Sergeant,Asian Noodles,2012-03-27 14:57:05 UTC,2012-03-27 14:57:05 UTC
720,Lieutenant General,Miso,2012-03-27 14:57:06 UTC,2012-03-27 14:57:06 UTC
721,Sergeant First Class,Canola Oil,2012-03-27 14:57:06 UTC,2012-03-27 14:57:06 UTC
722,Major General,Cottage Cheese,2012-03-27 14:57:06 UTC,2012-03-27 14:57:06 UTC
723,General of the Army,Apples,2012-03-27 14:57:06 UTC,2012-03-27 14:57:06 UTC
724,Master Sergeant,Peas,2012-03-27 14:57:07 UTC,2012-03-27 14:57:07 UTC
725,Colonel,Pear Juice,2012-03-27 14:57:07 UTC,2012-03-27 14:57:07 UTC
726,Command Sergeant Major,Mahi Mahi,2012-03-27 14:57:07 UTC,2012-03-27 14:57:07 UTC
727,Sergeant Major,Butter,2012-03-27 14:57:07 UTC,2012-03-27 14:57:07 UTC
728,Specialist,Turmeric,2012-03-27 14:57:07 UTC,2012-03-27 14:57:07 UTC
729,Captain,Buttermilk,2012-03-27 14:57:08 UTC,2012-03-27 14:57:08 UTC
730,Sergeant First Class,Edam,2012-03-27 14:57:08 UTC,2012-03-27 14:57:08 UTC
731,Lieutenant General,Cantaloupe,2012-03-27 14:57:08 UTC,2012-03-27 14:57:08 UTC
732,Private First Class,Polenta,2012-03-27 14:57:09 UTC,2012-03-27 14:57:09 UTC
733,Major,Vegetable Spaghetti,2012-03-27 14:57:09 UTC,2012-03-27 14:57:09 UTC
734,Lieutenant General,Cassia bark,2012-03-27 14:57:09 UTC,2012-03-27 14:57:09 UTC
735,General,Spearmint,2012-03-27 14:57:09 UTC,2012-03-27 14:57:09 UTC
736,Command Sergeant Major,Bean Sprouts,2012-03-27 14:57:09 UTC,2012-03-27 14:57:09 UTC
737,General of the Armies,Pear Juice,2012-03-27 14:57:09 UTC,2012-03-27 14:57:09 UTC
738,Brigadier General,Strawberries,2012-03-27 14:57:09 UTC,2012-03-27 14:57:09 UTC
739,Specialist,Jewfish,2012-03-27 14:57:10 UTC,2012-03-27 14:57:10 UTC
740,First Lieutenant,Swiss Chard,2012-03-27 14:57:10 UTC,2012-03-27 14:57:10 UTC
741,Staff Sergeant,Tamarillo,2012-03-27 14:57:10 UTC,2012-03-27 14:57:10 UTC
742,General of the Army,Chickory,2012-03-27 14:57:11 UTC,2012-03-27 14:57:11 UTC
743,Captain,Tomatoes,2012-03-27 14:57:11 UTC,2012-03-27 14:57:11 UTC
744,Specialist,Cherries,2012-03-27 14:57:11 UTC,2012-03-27 14:57:11 UTC
745,General of the Armies,Lemon,2012-03-27 14:57:12 UTC,2012-03-27 14:57:12 UTC
746,Lieutenant General,Parsley,2012-03-27 14:57:12 UTC,2012-03-27 14:57:12 UTC
747,First Lieutenant,Sesame Oil,2012-03-27 14:57:12 UTC,2012-03-27 14:57:12 UTC
748,General,Flaxseed Oil,2012-03-27 14:57:13 UTC,2012-03-27 14:57:13 UTC
749,Second Lieutenant,Spearmint,2012-03-27 14:57:13 UTC,2012-03-27 14:57:13 UTC
750,First Lieutenant,Common Cultivated Mushrooms,2012-03-27 14:57:13 UTC,2012-03-27 14:57:13 UTC
751,Sergeant Major of the Army,Leeks,2012-03-27 14:57:13 UTC,2012-03-27 14:57:13 UTC
752,Private First Class,Vinegar,2012-03-27 14:57:13 UTC,2012-03-27 14:57:13 UTC
753,First Lieutenant,Fish Sauce,2012-03-27 14:57:13 UTC,2012-03-27 14:57:13 UTC
754,Major,Wheat,2012-03-27 14:57:13 UTC,2012-03-27 14:57:13 UTC
755,Brigadier General,Mussels,2012-03-27 14:57:13 UTC,2012-03-27 14:57:13 UTC
756,Major,Bonza,2012-03-27 14:57:13 UTC,2012-03-27 14:57:13 UTC
757,Sergeant Major,Scallops,2012-03-27 14:57:14 UTC,2012-03-27 14:57:14 UTC
758,Lieutenant Colonel,Fingerlime,2012-03-27 14:57:14 UTC,2012-03-27 14:57:14 UTC
759,General of the Army,Rice Noodles,2012-03-27 14:57:14 UTC,2012-03-27 14:57:14 UTC
760,General of the Army,Sweet Potato,2012-03-27 14:57:14 UTC,2012-03-27 14:57:14 UTC
761,Major,Slivered Almonds,2012-03-27 14:57:14 UTC,2012-03-27 14:57:14 UTC
762,Command Sergeant Major,Lavender Flowers,2012-03-27 14:57:14 UTC,2012-03-27 14:57:14 UTC
763,Specialist,Snowpeas,2012-03-27 14:57:15 UTC,2012-03-27 14:57:15 UTC
764,Sergeant Major of the Army,White Wine,2012-03-27 14:57:15 UTC,2012-03-27 14:57:15 UTC
765,Colonel,Quinoa,2012-03-27 14:57:15 UTC,2012-03-27 14:57:15 UTC
766,Captain,Currants,2012-03-27 14:57:16 UTC,2012-03-27 14:57:16 UTC
767,Captain,Warehou,2012-03-27 14:57:16 UTC,2012-03-27 14:57:16 UTC
768,Lieutenant Colonel,Currants,2012-03-27 14:57:17 UTC,2012-03-27 14:57:17 UTC
769,Lieutenant Colonel,Watercress,2012-03-27 14:57:17 UTC,2012-03-27 14:57:17 UTC
770,Master Sergeant,Dill,2012-03-27 14:57:17 UTC,2012-03-27 14:57:17 UTC
771,Sergeant Major of the Army,Red Wine Vinegar,2012-03-27 14:57:17 UTC,2012-03-27 14:57:17 UTC
772,First Sergeant,Lavender Flowers,2012-03-27 14:57:17 UTC,2012-03-27 14:57:17 UTC
773,Master Sergeant,Mustard,2012-03-27 14:57:18 UTC,2012-03-27 14:57:18 UTC
774,First Sergeant,Jasmine Rice,2012-03-27 14:57:18 UTC,2012-03-27 14:57:18 UTC
775,Second Lieutenant,Bonito Flakes,2012-03-27 14:57:18 UTC,2012-03-27 14:57:18 UTC
776,Staff Sergeant,Cashews,2012-03-27 14:57:18 UTC,2012-03-27 14:57:18 UTC
777,Staff Sergeant,Cous Cous,2012-03-27 14:57:19 UTC,2012-03-27 14:57:19 UTC
778,Major General,Turmeric,2012-03-27 14:57:19 UTC,2012-03-27 14:57:19 UTC
779,Staff Sergeant,Yoghurt,2012-03-27 14:57:20 UTC,2012-03-27 14:57:20 UTC
780,Master Sergeant,Choy Sum,2012-03-27 14:57:20 UTC,2012-03-27 14:57:20 UTC
781,Specialist,Cassia bark,2012-03-27 14:57:21 UTC,2012-03-27 14:57:21 UTC
782,Major,Coriander Leaves,2012-03-27 14:57:21 UTC,2012-03-27 14:57:21 UTC
783,Sergeant Major,Brown Rice,2012-03-27 14:57:21 UTC,2012-03-27 14:57:21 UTC
784,Sergeant First Class,Paprik,2012-03-27 14:57:21 UTC,2012-03-27 14:57:21 UTC
785,Command Sergeant Major,Buckwheat Flour,2012-03-27 14:57:21 UTC,2012-03-27 14:57:21 UTC
786,Lieutenant General,Melon,2012-03-27 14:57:22 UTC,2012-03-27 14:57:22 UTC
787,Private First Class,Avocado,2012-03-27 14:57:22 UTC,2012-03-27 14:57:22 UTC
788,Sergeant Major of the Army,Blueberries,2012-03-27 14:57:23 UTC,2012-03-27 14:57:23 UTC
789,Major,Bay Leaves,2012-03-27 14:57:23 UTC,2012-03-27 14:57:23 UTC
790,Private,Pandanus Leaves,2012-03-27 14:57:23 UTC,2012-03-27 14:57:23 UTC
791,First Sergeant,Warehou,2012-03-27 14:57:23 UTC,2012-03-27 14:57:23 UTC
792,Colonel,Red Lentils,2012-03-27 14:57:23 UTC,2012-03-27 14:57:23 UTC
793,Master Sergeant,Stevia,2012-03-27 14:57:24 UTC,2012-03-27 14:57:24 UTC
794,Master Sergeant,Arborio Rice,2012-03-27 14:57:24 UTC,2012-03-27 14:57:24 UTC
795,Major,Lobster,2012-03-27 14:57:24 UTC,2012-03-27 14:57:24 UTC
796,Major,Rose Water,2012-03-27 14:57:25 UTC,2012-03-27 14:57:25 UTC
797,Second Lieutenant,Nashi Pear,2012-03-27 14:57:25 UTC,2012-03-27 14:57:25 UTC
798,Command Sergeant Major,Common Cultivated Mushrooms,2012-03-27 14:57:25 UTC,2012-03-27 14:57:25 UTC
799,Sergeant,Hummus,2012-03-27 14:57:26 UTC,2012-03-27 14:57:26 UTC
800,Lieutenant General,Lychees,2012-03-27 14:57:26 UTC,2012-03-27 14:57:26 UTC
801,Major,Kiwi Berries,2012-03-27 14:57:26 UTC,2012-03-27 14:57:26 UTC
802,General,Slivered Almonds,2012-03-27 14:57:27 UTC,2012-03-27 14:57:27 UTC
803,Major,Oregano,2012-03-27 14:57:27 UTC,2012-03-27 14:57:27 UTC
804,Captain,Oysters,2012-03-27 14:57:27 UTC,2012-03-27 14:57:27 UTC
805,Sergeant Major of the Army,Scallops,2012-03-27 14:57:27 UTC,2012-03-27 14:57:27 UTC
806,First Sergeant,Ricemilk,2012-03-27 14:57:28 UTC,2012-03-27 14:57:28 UTC
807,Major,Poppy Seed,2012-03-27 14:57:28 UTC,2012-03-27 14:57:28 UTC
808,Major,Oats,2012-03-27 14:57:28 UTC,2012-03-27 14:57:28 UTC
809,Master Sergeant,Guava,2012-03-27 14:57:29 UTC,2012-03-27 14:57:29 UTC
810,First Sergeant,Cucumber,2012-03-27 14:57:29 UTC,2012-03-27 14:57:29 UTC
811,Sergeant,Avocado,2012-03-27 14:57:29 UTC,2012-03-27 14:57:29 UTC
812,Lieutenant General,Tuna,2012-03-27 14:57:29 UTC,2012-03-27 14:57:29 UTC
813,Master Sergeant,Guava,2012-03-27 14:57:30 UTC,2012-03-27 14:57:30 UTC
814,Staff Sergeant,Poppy Seed,2012-03-27 14:57:30 UTC,2012-03-27 14:57:30 UTC
815,Sergeant Major of the Army,Watermelon,2012-03-27 14:57:31 UTC,2012-03-27 14:57:31 UTC
816,Private First Class,Vermicelli Noodles,2012-03-27 14:57:32 UTC,2012-03-27 14:57:32 UTC
817,Staff Sergeant,Juniper Berries,2012-03-27 14:57:32 UTC,2012-03-27 14:57:32 UTC
818,Lieutenant General,Mustard Seed,2012-03-27 14:57:32 UTC,2012-03-27 14:57:32 UTC
819,Major,Mung Beans,2012-03-27 14:57:33 UTC,2012-03-27 14:57:33 UTC
820,General of the Army,Vegetable Oil,2012-03-27 14:57:33 UTC,2012-03-27 14:57:33 UTC
821,Major General,Fennel,2012-03-27 14:57:34 UTC,2012-03-27 14:57:34 UTC
822,Colonel,Sunflower Oil,2012-03-27 14:57:34 UTC,2012-03-27 14:57:34 UTC
823,Command Sergeant Major,Haricot Beans,2012-03-27 14:57:35 UTC,2012-03-27 14:57:35 UTC
824,Sergeant First Class,Banana,2012-03-27 14:57:35 UTC,2012-03-27 14:57:35 UTC
825,General of the Army,Peanuts,2012-03-27 14:57:35 UTC,2012-03-27 14:57:35 UTC
826,Brigadier General,Cream Cheese,2012-03-27 14:57:36 UTC,2012-03-27 14:57:36 UTC
827,Private,Tuna,2012-03-27 14:57:36 UTC,2012-03-27 14:57:36 UTC
828,Sergeant,Chives,2012-03-27 14:57:36 UTC,2012-03-27 14:57:36 UTC
829,Second Lieutenant,Guava,2012-03-27 14:57:36 UTC,2012-03-27 14:57:36 UTC
830,Captain,Bok Choy,2012-03-27 14:57:37 UTC,2012-03-27 14:57:37 UTC
831,Sergeant,Agar,2012-03-27 14:57:37 UTC,2012-03-27 14:57:37 UTC
832,Corporal,Blue Eye Trevalla,2012-03-27 14:57:37 UTC,2012-03-27 14:57:37 UTC
833,Major,Peas,2012-03-27 14:57:37 UTC,2012-03-27 14:57:37 UTC
834,Sergeant Major of the Army,Koshihikari Rice,2012-03-27 14:57:37 UTC,2012-03-27 14:57:37 UTC
835,Sergeant Major of the Army,Mullet,2012-03-27 14:57:37 UTC,2012-03-27 14:57:37 UTC
836,Major,Spelt,2012-03-27 14:57:38 UTC,2012-03-27 14:57:38 UTC
837,Sergeant First Class,Raisin,2012-03-27 14:57:38 UTC,2012-03-27 14:57:38 UTC
838,Sergeant Major of the Army,Soymilk,2012-03-27 14:57:38 UTC,2012-03-27 14:57:38 UTC
839,Sergeant Major of the Army,Peanuts,2012-03-27 14:57:38 UTC,2012-03-27 14:57:38 UTC
840,Sergeant Major,Cake,2012-03-27 14:57:39 UTC,2012-03-27 14:57:39 UTC
841,Major General,Alfalfa,2012-03-27 14:57:39 UTC,2012-03-27 14:57:39 UTC
842,Colonel,Rice Syrup,2012-03-27 14:57:39 UTC,2012-03-27 14:57:39 UTC
843,Sergeant Major,Dates,2012-03-27 14:57:39 UTC,2012-03-27 14:57:39 UTC
844,Second Lieutenant,Tahini,2012-03-27 14:57:40 UTC,2012-03-27 14:57:40 UTC
845,Sergeant Major of the Army,Dates,2012-03-27 14:57:40 UTC,2012-03-27 14:57:40 UTC
846,Master Sergeant,Red Pepper,2012-03-27 14:57:40 UTC,2012-03-27 14:57:40 UTC
847,Corporal,Licorice,2012-03-27 14:57:40 UTC,2012-03-27 14:57:40 UTC
848,Sergeant First Class,Chicken Stock,2012-03-27 14:57:40 UTC,2012-03-27 14:57:40 UTC
849,Colonel,Pandanus Leaves,2012-03-27 14:57:40 UTC,2012-03-27 14:57:40 UTC
850,Second Lieutenant,Parrotfish,2012-03-27 14:57:41 UTC,2012-03-27 14:57:41 UTC
851,Second Lieutenant,Oatmeal,2012-03-27 14:57:41 UTC,2012-03-27 14:57:41 UTC
852,Major,Haricot Beans,2012-03-27 14:57:41 UTC,2012-03-27 14:57:41 UTC
853,General of the Army,Pine Nut,2012-03-27 14:57:42 UTC,2012-03-27 14:57:42 UTC
854,Corporal,Rye,2012-03-27 14:57:42 UTC,2012-03-27 14:57:42 UTC
855,Sergeant Major,Chinese Five Spice,2012-03-27 14:57:42 UTC,2012-03-27 14:57:42 UTC
856,Sergeant Major,Capsicum,2012-03-27 14:57:42 UTC,2012-03-27 14:57:42 UTC
857,Staff Sergeant,Pistachio Nut,2012-03-27 14:57:42 UTC,2012-03-27 14:57:42 UTC
858,Lieutenant Colonel,Almonds,2012-03-27 14:57:42 UTC,2012-03-27 14:57:42 UTC
859,Lieutenant General,Spinach,2012-03-27 14:57:42 UTC,2012-03-27 14:57:42 UTC
860,Command Sergeant Major,Flaxseed,2012-03-27 14:57:43 UTC,2012-03-27 14:57:43 UTC
861,General of the Army,Asian Noodles,2012-03-27 14:57:43 UTC,2012-03-27 14:57:43 UTC
862,Second Lieutenant,Chestnut,2012-03-27 14:57:43 UTC,2012-03-27 14:57:43 UTC
863,Lieutenant Colonel,Bran,2012-03-27 14:57:43 UTC,2012-03-27 14:57:43 UTC
864,Colonel,Cabbage,2012-03-27 14:57:44 UTC,2012-03-27 14:57:44 UTC
865,Sergeant,Mustard,2012-03-27 14:57:44 UTC,2012-03-27 14:57:44 UTC
866,Specialist,Loquats,2012-03-27 14:57:44 UTC,2012-03-27 14:57:44 UTC
867,Master Sergeant,Soy Flour,2012-03-27 14:57:44 UTC,2012-03-27 14:57:44 UTC
868,Corporal,Apples,2012-03-27 14:57:44 UTC,2012-03-27 14:57:44 UTC
869,Lieutenant Colonel,Apple Juice Concentrate,2012-03-27 14:57:45 UTC,2012-03-27 14:57:45 UTC
870,First Sergeant,Lettuce,2012-03-27 14:57:45 UTC,2012-03-27 14:57:45 UTC
871,Captain,Mustard Seed,2012-03-27 14:57:45 UTC,2012-03-27 14:57:45 UTC
872,Captain,Arugula,2012-03-27 14:57:45 UTC,2012-03-27 14:57:45 UTC
873,Staff Sergeant,Lentils,2012-03-27 14:57:46 UTC,2012-03-27 14:57:46 UTC
874,General of the Armies,Asafoetida,2012-03-27 14:57:46 UTC,2012-03-27 14:57:46 UTC
875,Colonel,Tapioca,2012-03-27 14:57:46 UTC,2012-03-27 14:57:46 UTC
876,Second Lieutenant,Camomile,2012-03-27 14:57:46 UTC,2012-03-27 14:57:46 UTC
877,Private First Class,Bamboo Shoots,2012-03-27 14:57:47 UTC,2012-03-27 14:57:47 UTC
878,Lieutenant Colonel,Radish,2012-03-27 14:57:47 UTC,2012-03-27 14:57:47 UTC
879,Private First Class,Water,2012-03-27 14:57:47 UTC,2012-03-27 14:57:47 UTC
880,Master Sergeant,Flaxseed Oil,2012-03-27 14:57:47 UTC,2012-03-27 14:57:47 UTC
881,First Lieutenant,Eggplant,2012-03-27 14:57:48 UTC,2012-03-27 14:57:48 UTC
882,Private,Sesame Seeds,2012-03-27 14:57:48 UTC,2012-03-27 14:57:48 UTC
883,First Lieutenant,Garam Masala,2012-03-27 14:57:48 UTC,2012-03-27 14:57:48 UTC
884,First Lieutenant,Mace,2012-03-27 14:57:49 UTC,2012-03-27 14:57:49 UTC
885,Lieutenant General,Marigold,2012-03-27 14:57:49 UTC,2012-03-27 14:57:49 UTC
886,Private,Blood Oranges,2012-03-27 14:57:50 UTC,2012-03-27 14:57:50 UTC
887,Lieutenant General,Grape Seed Oil,2012-03-27 14:57:50 UTC,2012-03-27 14:57:50 UTC
888,Brigadier General,Peppers,2012-03-27 14:57:50 UTC,2012-03-27 14:57:50 UTC
889,Colonel,Hijiki,2012-03-27 14:57:51 UTC,2012-03-27 14:57:51 UTC
890,Command Sergeant Major,Baking Powder,2012-03-27 14:57:51 UTC,2012-03-27 14:57:51 UTC
891,General of the Army,Chickory,2012-03-27 14:57:51 UTC,2012-03-27 14:57:51 UTC
892,General,Pecan Nut,2012-03-27 14:57:51 UTC,2012-03-27 14:57:51 UTC
893,Brigadier General,Persimmon,2012-03-27 14:57:51 UTC,2012-03-27 14:57:51 UTC
894,First Lieutenant,Gula Melaka,2012-03-27 14:57:51 UTC,2012-03-27 14:57:51 UTC
895,Corporal,Garlic,2012-03-27 14:57:52 UTC,2012-03-27 14:57:52 UTC
896,Major,Vegetable Stock,2012-03-27 14:57:52 UTC,2012-03-27 14:57:52 UTC
897,First Sergeant,Cream Cheese,2012-03-27 14:57:52 UTC,2012-03-27 14:57:52 UTC
898,Sergeant Major of the Army,Nasturtium,2012-03-27 14:57:53 UTC,2012-03-27 14:57:53 UTC
899,Lieutenant Colonel,Grapes,2012-03-27 14:57:53 UTC,2012-03-27 14:57:53 UTC
900,Captain,Brazil Nut,2012-03-27 14:57:53 UTC,2012-03-27 14:57:53 UTC
901,Sergeant,Almond Oil,2012-03-27 14:57:54 UTC,2012-03-27 14:57:54 UTC
902,Command Sergeant Major,Brown Rice,2012-03-27 14:57:54 UTC,2012-03-27 14:57:54 UTC
903,First Lieutenant,Green Tea Noodles,2012-03-27 14:57:54 UTC,2012-03-27 14:57:54 UTC
904,Corporal,Avocado,2012-03-27 14:57:55 UTC,2012-03-27 14:57:55 UTC
905,Major General,Bean Sprouts,2012-03-27 14:57:55 UTC,2012-03-27 14:57:55 UTC
906,Sergeant Major of the Army,Tofu,2012-03-27 14:57:55 UTC,2012-03-27 14:57:55 UTC
907,Second Lieutenant,Carrot,2012-03-27 14:57:55 UTC,2012-03-27 14:57:55 UTC
908,Second Lieutenant,Kale,2012-03-27 14:57:56 UTC,2012-03-27 14:57:56 UTC
909,First Sergeant,Currants,2012-03-27 14:57:56 UTC,2012-03-27 14:57:56 UTC
910,General,Buckwheat,2012-03-27 14:57:56 UTC,2012-03-27 14:57:56 UTC
911,Master Sergeant,Peppers,2012-03-27 14:57:56 UTC,2012-03-27 14:57:56 UTC
912,Private,Fish Stock,2012-03-27 14:57:57 UTC,2012-03-27 14:57:57 UTC
913,General,Agar,2012-03-27 14:57:57 UTC,2012-03-27 14:57:57 UTC
914,Lieutenant General,Pumpkin,2012-03-27 14:57:57 UTC,2012-03-27 14:57:57 UTC
915,Private,Aniseed,2012-03-27 14:57:57 UTC,2012-03-27 14:57:57 UTC
916,Lieutenant Colonel,French Eschallots,2012-03-27 14:57:57 UTC,2012-03-27 14:57:57 UTC
917,Staff Sergeant,Squash,2012-03-27 14:57:57 UTC,2012-03-27 14:57:57 UTC
918,Corporal,Haricot Beans,2012-03-27 14:57:58 UTC,2012-03-27 14:57:58 UTC
919,Sergeant,Spearmint,2012-03-27 14:57:58 UTC,2012-03-27 14:57:58 UTC
920,Specialist,Tofu,2012-03-27 14:57:58 UTC,2012-03-27 14:57:58 UTC
921,Corporal,Agar,2012-03-27 14:57:58 UTC,2012-03-27 14:57:58 UTC
922,Lieutenant Colonel,Tomatoes,2012-03-27 14:57:59 UTC,2012-03-27 14:57:59 UTC
923,General of the Armies,Barley,2012-03-27 14:57:59 UTC,2012-03-27 14:57:59 UTC
924,Sergeant,French Eschallots,2012-03-27 14:57:59 UTC,2012-03-27 14:57:59 UTC
925,Brigadier General,Common Cultivated Mushrooms,2012-03-27 14:58:00 UTC,2012-03-27 14:58:00 UTC
926,Corporal,Nuts,2012-03-27 14:58:00 UTC,2012-03-27 14:58:00 UTC
927,Sergeant First Class,Flounder,2012-03-27 14:58:00 UTC,2012-03-27 14:58:00 UTC
928,Lieutenant Colonel,Elderberry,2012-03-27 14:58:00 UTC,2012-03-27 14:58:00 UTC
929,Sergeant Major of the Army,Chickpea,2012-03-27 14:58:00 UTC,2012-03-27 14:58:00 UTC
930,Command Sergeant Major,Haricot Beans,2012-03-27 14:58:00 UTC,2012-03-27 14:58:00 UTC
931,Specialist,Cos Lettuce,2012-03-27 14:58:00 UTC,2012-03-27 14:58:00 UTC
932,Major,Paprik,2012-03-27 14:58:00 UTC,2012-03-27 14:58:00 UTC
933,Sergeant Major,White Flour,2012-03-27 14:58:00 UTC,2012-03-27 14:58:00 UTC
934,Corporal,Nasturtium,2012-03-27 14:58:01 UTC,2012-03-27 14:58:01 UTC
935,Sergeant,Lemon,2012-03-27 14:58:01 UTC,2012-03-27 14:58:01 UTC
936,Captain,Dashi,2012-03-27 14:58:01 UTC,2012-03-27 14:58:01 UTC
937,Staff Sergeant,Soy Sauce,2012-03-27 14:58:02 UTC,2012-03-27 14:58:02 UTC
938,Staff Sergeant,Aubergine,2012-03-27 14:58:02 UTC,2012-03-27 14:58:02 UTC
939,Specialist,Aubergine,2012-03-27 14:58:02 UTC,2012-03-27 14:58:02 UTC
940,Sergeant,Green Beans,2012-03-27 14:58:02 UTC,2012-03-27 14:58:02 UTC
941,Corporal,Olive Oil,2012-03-27 14:58:02 UTC,2012-03-27 14:58:02 UTC
942,Lieutenant Colonel,Wholegrain Bread,2012-03-27 14:58:02 UTC,2012-03-27 14:58:02 UTC
943,Corporal,Turmeric,2012-03-27 14:58:02 UTC,2012-03-27 14:58:02 UTC
944,Private First Class,Corn Syrup,2012-03-27 14:58:03 UTC,2012-03-27 14:58:03 UTC
945,Captain,Flaxseed Oil,2012-03-27 14:58:03 UTC,2012-03-27 14:58:03 UTC
946,Sergeant Major,Chestnut,2012-03-27 14:58:03 UTC,2012-03-27 14:58:03 UTC
947,Command Sergeant Major,Figs,2012-03-27 14:58:03 UTC,2012-03-27 14:58:03 UTC
948,Major General,Octopus,2012-03-27 14:58:03 UTC,2012-03-27 14:58:03 UTC
949,First Lieutenant,Wakame,2012-03-27 14:58:03 UTC,2012-03-27 14:58:03 UTC
950,General of the Armies,Cornmeal,2012-03-27 14:58:04 UTC,2012-03-27 14:58:04 UTC
951,Sergeant Major,Octopus,2012-03-27 14:58:04 UTC,2012-03-27 14:58:04 UTC
952,Sergeant Major,Bamboo Shoots,2012-03-27 14:58:04 UTC,2012-03-27 14:58:04 UTC
953,Lieutenant General,Stevia,2012-03-27 14:58:04 UTC,2012-03-27 14:58:04 UTC
954,Second Lieutenant,Caraway Seed,2012-03-27 14:58:05 UTC,2012-03-27 14:58:05 UTC
955,General of the Army,Leeks,2012-03-27 14:58:05 UTC,2012-03-27 14:58:05 UTC
956,General of the Armies,Tofu,2012-03-27 14:58:05 UTC,2012-03-27 14:58:05 UTC
957,Lieutenant Colonel,Tempeh,2012-03-27 14:58:05 UTC,2012-03-27 14:58:05 UTC
958,General of the Armies,Rice Syrup,2012-03-27 14:58:05 UTC,2012-03-27 14:58:05 UTC
959,General,Pears,2012-03-27 14:58:06 UTC,2012-03-27 14:58:06 UTC
960,Lieutenant General,Artichoke,2012-03-27 14:58:06 UTC,2012-03-27 14:58:06 UTC
961,Sergeant Major of the Army,Plums,2012-03-27 14:58:06 UTC,2012-03-27 14:58:06 UTC
962,Sergeant Major of the Army,Chicken,2012-03-27 14:58:06 UTC,2012-03-27 14:58:06 UTC
963,Second Lieutenant,Bran,2012-03-27 14:58:06 UTC,2012-03-27 14:58:06 UTC
964,Specialist,Brown Mushrooms,2012-03-27 14:58:06 UTC,2012-03-27 14:58:06 UTC
965,First Lieutenant,Feijoa,2012-03-27 14:58:06 UTC,2012-03-27 14:58:06 UTC
966,Lieutenant General,Mahlab,2012-03-27 14:58:06 UTC,2012-03-27 14:58:06 UTC
967,Major General,Prunes,2012-03-27 14:58:07 UTC,2012-03-27 14:58:07 UTC
968,Sergeant Major,Fish Sauce,2012-03-27 14:58:07 UTC,2012-03-27 14:58:07 UTC
969,Master Sergeant,Rice Flour,2012-03-27 14:58:07 UTC,2012-03-27 14:58:07 UTC
970,Lieutenant General,Eggs,2012-03-27 14:58:07 UTC,2012-03-27 14:58:07 UTC
971,Sergeant Major of the Army,Cauliflower,2012-03-27 14:58:08 UTC,2012-03-27 14:58:08 UTC
972,Lieutenant Colonel,Semolina,2012-03-27 14:58:08 UTC,2012-03-27 14:58:08 UTC
973,Sergeant Major of the Army,Cardamom,2012-03-27 14:58:08 UTC,2012-03-27 14:58:08 UTC
974,Second Lieutenant,Coriander Leaves,2012-03-27 14:58:08 UTC,2012-03-27 14:58:08 UTC
975,Major,Endive,2012-03-27 14:58:08 UTC,2012-03-27 14:58:08 UTC
976,Second Lieutenant,Red Wine Vinegar,2012-03-27 14:58:09 UTC,2012-03-27 14:58:09 UTC
977,Specialist,Fish Stock,2012-03-27 14:58:09 UTC,2012-03-27 14:58:09 UTC
978,Captain,Tamari,2012-03-27 14:58:09 UTC,2012-03-27 14:58:09 UTC
979,Specialist,Thyme,2012-03-27 14:58:10 UTC,2012-03-27 14:58:10 UTC
980,Major General,Wheat,2012-03-27 14:58:10 UTC,2012-03-27 14:58:10 UTC
981,Sergeant,Cous Cous,2012-03-27 14:58:10 UTC,2012-03-27 14:58:10 UTC
982,Major,Curry Leaves,2012-03-27 14:58:11 UTC,2012-03-27 14:58:11 UTC
983,Lieutenant Colonel,Vinegar,2012-03-27 14:58:11 UTC,2012-03-27 14:58:11 UTC
984,Major,Liver,2012-03-27 14:58:11 UTC,2012-03-27 14:58:11 UTC
985,Lieutenant Colonel,Flounder,2012-03-27 14:58:11 UTC,2012-03-27 14:58:11 UTC
986,Private First Class,Coriander Seed,2012-03-27 14:58:11 UTC,2012-03-27 14:58:11 UTC
987,Major General,Peas,2012-03-27 14:58:12 UTC,2012-03-27 14:58:12 UTC
988,Second Lieutenant,Red Wine Vinegar,2012-03-27 14:58:12 UTC,2012-03-27 14:58:12 UTC
989,First Sergeant,Mint,2012-03-27 14:58:12 UTC,2012-03-27 14:58:12 UTC
990,Major,Green Tea,2012-03-27 14:58:12 UTC,2012-03-27 14:58:12 UTC
991,Sergeant Major of the Army,Cauliflower,2012-03-27 14:58:12 UTC,2012-03-27 14:58:12 UTC
992,Specialist,Camomile,2012-03-27 14:58:13 UTC,2012-03-27 14:58:13 UTC
993,Colonel,File Powder,2012-03-27 14:58:13 UTC,2012-03-27 14:58:13 UTC
994,Captain,Purple Carrot,2012-03-27 14:58:14 UTC,2012-03-27 14:58:14 UTC
995,Corporal,Sugar,2012-03-27 14:58:14 UTC,2012-03-27 14:58:14 UTC
996,Major,Macadamia Nut,2012-03-27 14:58:14 UTC,2012-03-27 14:58:14 UTC
997,Private,Cake,2012-03-27 14:58:15 UTC,2012-03-27 14:58:15 UTC
998,General,Anchovies,2012-03-27 14:58:15 UTC,2012-03-27 14:58:15 UTC
999,Corporal,Purple Rice,2012-03-27 14:58:15 UTC,2012-03-27 14:58:15 UTC
1000,Sergeant First Class,Corella Pear,2012-03-27 14:58:15 UTC,2012-03-27 14:58:15 UTC