id,name,created_at,updated_at
1,Database Education Management,2012-03-27 14:53:59 UTC,2012-03-27 14:53:59 UTC
2,"Mayor ""Diamond Joe"" Quimby Consumer Services",2012-03-27 14:53:59 UTC,2012-03-27 14:53:59 UTC
3,Gloria Public Policy,2012-03-27 14:53:59 UTC,2012-03-27 14:53:59 UTC
4,Dr. Julius Hibbert Mining & Metals,2012-03-27 14:53:59 UTC,2012-03-27 14:53:59 UTC
5,Wiseguy International Trade and Development,2012-03-27 14:53:59 UTC,2012-03-27 14:53:59 UTC
6,Duffman Computer Networking,2012-03-27 14:53:59 UTC,2012-03-27 16:12:25 UTC
7,Dr. Marvin Monroe Machinery,2012-03-27 14:53:59 UTC,2012-03-27 14:53:59 UTC
8,Comic Book Guy Libraries,2012-03-27 14:53:59 UTC,2012-03-27 14:53:59 UTC
9,Mr. Costington Executive Office,2012-03-27 14:53:59 UTC,2012-03-27 14:53:59 UTC
10,Radioactive Man Government Administration,2012-03-27 14:54:00 UTC,2012-03-27 14:54:00 UTC
11,Marge Simpson Research,2012-03-27 14:54:00 UTC,2012-03-27 14:54:00 UTC
12,Gino Hospitality,2012-03-27 14:54:00 UTC,2012-03-27 14:54:00 UTC
13,Milhouse Van Houten Import and Export,2012-03-27 14:54:00 UTC,2012-03-27 14:54:00 UTC
14,Edna Krabappel Defense & Space,2012-03-27 14:54:00 UTC,2012-03-27 14:54:00 UTC
15,Akira Industrial Automation,2012-03-27 14:54:00 UTC,2012-03-27 14:54:00 UTC
16,Leopold Hospitality,2012-03-27 14:54:00 UTC,2012-03-27 14:54:00 UTC
17,Principal Seymour Skinner Law Practice,2012-03-27 14:54:00 UTC,2012-03-27 14:54:00 UTC
18,Scott Christian Public Safety,2012-03-27 14:54:00 UTC,2012-03-27 14:54:00 UTC
19,Sanjay Nahasapeemapetilon Logistics and Supply Chain,2012-03-27 14:54:00 UTC,2012-03-27 14:54:00 UTC
20,Patty Bouvier Design,2012-03-27 14:54:00 UTC,2012-03-27 14:54:00 UTC
21,Edna Krabappel Primary / Secondary Education,2012-03-27 14:54:00 UTC,2012-03-27 14:54:00 UTC
22,Patty Bouvier Mining & Metals,2012-03-27 14:54:01 UTC,2012-03-27 14:54:01 UTC
23,Santa''s Little Helper Financial Services,2012-03-27 14:54:01 UTC,2012-03-27 14:54:01 UTC
24,Herbert Powell Food & Beverages,2012-03-27 14:54:01 UTC,2012-03-27 14:54:01 UTC
25,Martin Prince Broadcast Media,2012-03-27 14:54:01 UTC,2012-03-27 14:54:01 UTC
26,Richard Veterinary,2012-03-27 14:54:01 UTC,2012-03-27 14:54:01 UTC
27,Scott Christian Consumer Services,2012-03-27 14:54:01 UTC,2012-03-27 14:54:01 UTC
28,Rabbi Hyman Krustofski Civic & Social Organization,2012-03-27 14:54:01 UTC,2012-03-27 14:54:01 UTC
29,Eddie Paper & Forest Products,2012-03-27 14:54:01 UTC,2012-03-27 14:54:01 UTC
30,Benjamin Recreational Facilities and Services,2012-03-27 14:54:01 UTC,2012-03-27 14:54:01 UTC
31,Otto Mann Photography,2012-03-27 14:54:01 UTC,2012-03-27 14:54:01 UTC
32,Allison Taylor Transportation / Trucking / Railroad,2012-03-27 14:54:01 UTC,2012-03-27 14:54:01 UTC
33,Shauna Chalmers Newspapers,2012-03-27 14:54:02 UTC,2012-03-27 14:54:02 UTC
34,Lou Law Enforcement,2012-03-27 14:54:02 UTC,2012-03-27 14:54:02 UTC
35,Dr. Nick Riviera Veterinary,2012-03-27 14:54:02 UTC,2012-03-27 14:54:02 UTC
36,"Poochie Health, Wellness and Fitness",2012-03-27 14:54:02 UTC,2012-03-27 14:54:02 UTC
37,Charles Montgomery Burns Plastics,2012-03-27 14:54:02 UTC,2012-03-27 14:54:02 UTC
38,"Birchibald ""Birch"" T. Barlow Financial Services",2012-03-27 14:54:02 UTC,2012-03-27 14:54:02 UTC
39,Itchy Shipbuilding,2012-03-27 14:54:02 UTC,2012-03-27 14:54:02 UTC
40,Lewis Luxury Goods & Jewelry,2012-03-27 14:54:03 UTC,2012-03-27 14:54:03 UTC
41,Marty Business Supplies and Equipment,2012-03-27 14:54:03 UTC,2012-03-27 14:54:03 UTC
42,Rachel Jordan Education Management,2012-03-27 14:54:03 UTC,2012-03-27 14:54:03 UTC
43,Dr. Julius Hibbert Outsourcing / Offshoring,2012-03-27 14:54:03 UTC,2012-03-27 14:54:03 UTC
44,Kodos Government Administration,2012-03-27 14:54:03 UTC,2012-03-27 14:54:03 UTC
45,Sherri Photography,2012-03-27 14:54:03 UTC,2012-03-27 14:54:03 UTC
46,Sanjay Nahasapeemapetilon Sporting Goods,2012-03-27 14:54:03 UTC,2012-03-27 14:54:03 UTC
47,Cesar Sports,2012-03-27 14:54:03 UTC,2012-03-27 14:54:03 UTC
48,Kearney Zzyzwicz Jr. Museums and Institutions,2012-03-27 14:54:03 UTC,2012-03-27 14:54:03 UTC
49,Itchy Military,2012-03-27 14:54:03 UTC,2012-03-27 14:54:03 UTC
50,Rabbi Hyman Krustofski Government Relations,2012-03-27 14:54:03 UTC,2012-03-27 14:54:03 UTC
51,Judge Constance Harm Retail,2012-03-27 14:54:03 UTC,2012-03-27 14:54:03 UTC
52,Marty Wireless,2012-03-27 14:54:03 UTC,2012-03-27 14:54:03 UTC
53,Edna Krabappel Maritime,2012-03-27 14:54:04 UTC,2012-03-27 14:54:04 UTC
54,Sideshow Bob Public Safety,2012-03-27 14:54:04 UTC,2012-03-27 14:54:04 UTC
55,Barney Gumble Alternative Dispute Resolution,2012-03-27 14:54:04 UTC,2012-03-27 14:54:04 UTC
56,Coach Lugash Program Development,2012-03-27 14:54:04 UTC,2012-03-27 14:54:04 UTC
57,Francesca Paper & Forest Products,2012-03-27 14:54:04 UTC,2012-03-27 14:54:04 UTC
58,Ginger Flanders Market Research,2012-03-27 14:54:04 UTC,2012-03-27 14:54:04 UTC
59,Jimbo Jones Electrical / Electronic Manufacturing,2012-03-27 14:54:04 UTC,2012-03-27 14:54:04 UTC
60,Chief Clancy Wiggum Judiciary,2012-03-27 14:54:05 UTC,2012-03-27 14:54:05 UTC
61,Disco Stu Civic & Social Organization,2012-03-27 14:54:05 UTC,2012-03-27 14:54:05 UTC
62,Terri Financial Services,2012-03-27 14:54:05 UTC,2012-03-27 14:54:05 UTC
63,Kearney Zzyzwicz Jr. Venture Capital & Private Equity,2012-03-27 14:54:05 UTC,2012-03-27 14:54:05 UTC
64,Doug Government Administration,2012-03-27 14:54:05 UTC,2012-03-27 14:54:05 UTC
65,Helen Lovejoy Performing Arts,2012-03-27 14:54:05 UTC,2012-03-27 14:54:05 UTC
66,Principal Seymour Skinner Maritime,2012-03-27 14:54:05 UTC,2012-03-27 14:54:05 UTC
67,Elizabeth Hoover Alternative Medicine,2012-03-27 14:54:06 UTC,2012-03-27 14:54:06 UTC
68,Jimbo Jones Motion Pictures and Film,2012-03-27 14:54:06 UTC,2012-03-27 14:54:06 UTC
69,Lionel Hutz Insurance,2012-03-27 14:54:06 UTC,2012-03-27 14:54:06 UTC
70,Dr. J. Loren Pryor Financial Services,2012-03-27 14:54:06 UTC,2012-03-27 14:54:06 UTC
71,Kearney Zzyzwicz Capital Markets,2012-03-27 14:54:06 UTC,2012-03-27 14:54:06 UTC
72,Bill Events Services,2012-03-27 14:54:06 UTC,2012-03-27 14:54:06 UTC
73,Poor Violet Insurance,2012-03-27 14:54:06 UTC,2012-03-27 14:54:06 UTC
74,Sideshow Bob Food Production,2012-03-27 14:54:06 UTC,2012-03-27 14:54:06 UTC
75,Mona Simpson Apparel & Fashion,2012-03-27 14:54:06 UTC,2012-03-27 14:54:06 UTC
76,Troy McClure Government Administration,2012-03-27 14:54:07 UTC,2012-03-27 14:54:07 UTC
77,Bart Simpson Philanthropy,2012-03-27 14:54:07 UTC,2012-03-27 14:54:07 UTC
78,Janey Powell Sporting Goods,2012-03-27 14:54:07 UTC,2012-03-27 14:54:07 UTC
79,Lewis Law Practice,2012-03-27 14:54:07 UTC,2012-03-27 14:54:07 UTC
80,Blinky Capital Markets,2012-03-27 14:54:07 UTC,2012-03-27 14:54:07 UTC
81,Bernice Hibbert Entertainment,2012-03-27 14:54:07 UTC,2012-03-27 14:54:07 UTC
82,Disco Stu Oil & Energy,2012-03-27 14:54:07 UTC,2012-03-27 14:54:07 UTC
83,Grampa Abraham Simpson Telecommunications,2012-03-27 14:54:07 UTC,2012-03-27 14:54:07 UTC
84,"Homer Simpson Leisure, Travel & Tourism",2012-03-27 14:54:07 UTC,2012-03-27 14:54:07 UTC
85,Yes Guy Wireless,2012-03-27 14:54:07 UTC,2012-03-27 14:54:07 UTC
86,Kearney Zzyzwicz Commercial Real Estate,2012-03-27 14:54:07 UTC,2012-03-27 14:54:07 UTC
87,Ernst Utilities,2012-03-27 14:54:08 UTC,2012-03-27 14:54:08 UTC
88,Moe Szyslak Investment Banking,2012-03-27 14:54:08 UTC,2012-03-27 14:54:08 UTC
89,Captain Lance Murdock Photography,2012-03-27 14:54:08 UTC,2012-03-27 14:54:08 UTC
90,Mrs. Glick Religious Institutions,2012-03-27 14:54:08 UTC,2012-03-27 14:54:08 UTC
91,Jebediah Springfield Human Resources,2012-03-27 14:54:08 UTC,2012-03-27 14:54:08 UTC
92,Dolph Philanthropy,2012-03-27 14:54:08 UTC,2012-03-27 14:54:08 UTC
93,Jasper Beardly Medical Devices,2012-03-27 14:54:08 UTC,2012-03-27 14:54:08 UTC
94,Sarah Wiggum Recreational Facilities and Services,2012-03-27 14:54:08 UTC,2012-03-27 14:54:08 UTC
95,The Rich Texan Research,2012-03-27 14:54:08 UTC,2012-03-27 14:54:08 UTC
96,Rachel Jordan Logistics and Supply Chain,2012-03-27 14:54:08 UTC,2012-03-27 14:54:08 UTC
97,Sideshow Mel Printing,2012-03-27 14:54:09 UTC,2012-03-27 14:54:09 UTC
98,Jebediah Springfield Oil & Energy,2012-03-27 14:54:09 UTC,2012-03-27 14:54:09 UTC
99,Ugolin Renewables & Environment,2012-03-27 14:54:09 UTC,2012-03-27 14:54:09 UTC
100,Manjula Nahasapeemapetilon Graphic Design,2012-03-27 14:54:09 UTC,2012-03-27 14:54:09 UTC